<?xml version="1.0" encoding="US-ASCII"?>
<!--XBRL Document Created with Wdesk from Workiva-->
<!-- -->
<linkbase xsi:schemaLocation="http://www.xbrl.org/2003/linkbase http://www.xbrl.org/2003/xbrl-linkbase-2003-12-31.xsd" xmlns="http://www.xbrl.org/2003/linkbase" xmlns:xlink="http://www.w3.org/1999/xlink" xmlns:xsi="http://www.w3.org/2001/XMLSchema-instance">
  <roleRef roleURI="http://www.coherent.com/role/AccumulatedOtherComprehensiveIncome" xlink:href="cohr-20160702.xsd#AccumulatedOtherComprehensiveIncome" xlink:type="simple" />
  <roleRef roleURI="http://www.coherent.com/role/AccumulatedOtherComprehensiveIncomeDetails" xlink:href="cohr-20160702.xsd#AccumulatedOtherComprehensiveIncomeDetails" xlink:type="simple" />
  <roleRef roleURI="http://www.coherent.com/role/BalanceSheetDetails" xlink:href="cohr-20160702.xsd#BalanceSheetDetails" xlink:type="simple" />
  <roleRef roleURI="http://www.coherent.com/role/BalanceSheetDetailsDetails" xlink:href="cohr-20160702.xsd#BalanceSheetDetailsDetails" xlink:type="simple" />
  <roleRef roleURI="http://www.coherent.com/role/BalanceSheetDetailsTables" xlink:href="cohr-20160702.xsd#BalanceSheetDetailsTables" xlink:type="simple" />
  <roleRef roleURI="http://www.coherent.com/role/BasisOfPresentation" xlink:href="cohr-20160702.xsd#BasisOfPresentation" xlink:type="simple" />
  <roleRef roleURI="http://www.coherent.com/role/BasisOfPresentationDetails" xlink:href="cohr-20160702.xsd#BasisOfPresentationDetails" xlink:type="simple" />
  <roleRef roleURI="http://www.coherent.com/role/BusinessCombinations" xlink:href="cohr-20160702.xsd#BusinessCombinations" xlink:type="simple" />
  <roleRef roleURI="http://www.coherent.com/role/BusinessCombinationsDetails" xlink:href="cohr-20160702.xsd#BusinessCombinationsDetails" xlink:type="simple" />
  <roleRef roleURI="http://www.coherent.com/role/BusinessCombinationsTables" xlink:href="cohr-20160702.xsd#BusinessCombinationsTables" xlink:type="simple" />
  <roleRef roleURI="http://www.coherent.com/role/CommitmentsAndContingencies" xlink:href="cohr-20160702.xsd#CommitmentsAndContingencies" xlink:type="simple" />
  <roleRef roleURI="http://www.coherent.com/role/CommitmentsAndContingenciesDetails" xlink:href="cohr-20160702.xsd#CommitmentsAndContingenciesDetails" xlink:type="simple" />
  <roleRef roleURI="http://www.coherent.com/role/CondensedConsolidatedBalanceSheets" xlink:href="cohr-20160702.xsd#CondensedConsolidatedBalanceSheets" xlink:type="simple" />
  <roleRef roleURI="http://www.coherent.com/role/CondensedConsolidatedBalanceSheetsParenthetical" xlink:href="cohr-20160702.xsd#CondensedConsolidatedBalanceSheetsParenthetical" xlink:type="simple" />
  <roleRef roleURI="http://www.coherent.com/role/CondensedConsolidatedStatementsOfCashFlows" xlink:href="cohr-20160702.xsd#CondensedConsolidatedStatementsOfCashFlows" xlink:type="simple" />
  <roleRef roleURI="http://www.coherent.com/role/CondensedConsolidatedStatementsOfComprehensiveIncome" xlink:href="cohr-20160702.xsd#CondensedConsolidatedStatementsOfComprehensiveIncome" xlink:type="simple" />
  <roleRef roleURI="http://www.coherent.com/role/CondensedConsolidatedStatementsOfOperations" xlink:href="cohr-20160702.xsd#CondensedConsolidatedStatementsOfOperations" xlink:type="simple" />
  <roleRef roleURI="http://www.coherent.com/role/DerivativeInstrumentsAndHedgingActivities" xlink:href="cohr-20160702.xsd#DerivativeInstrumentsAndHedgingActivities" xlink:type="simple" />
  <roleRef roleURI="http://www.coherent.com/role/DerivativeInstrumentsAndHedgingActivitiesDerivativeInstrumentsGainLossDetails" xlink:href="cohr-20160702.xsd#DerivativeInstrumentsAndHedgingActivitiesDerivativeInstrumentsGainLossDetails" xlink:type="simple" />
  <roleRef roleURI="http://www.coherent.com/role/DerivativeInstrumentsAndHedgingActivitiesNotionalAndFairValueDetails" xlink:href="cohr-20160702.xsd#DerivativeInstrumentsAndHedgingActivitiesNotionalAndFairValueDetails" xlink:type="simple" />
  <roleRef roleURI="http://www.coherent.com/role/DerivativeInstrumentsAndHedgingActivitiesOffsetLiabilitiesDetails" xlink:href="cohr-20160702.xsd#DerivativeInstrumentsAndHedgingActivitiesOffsetLiabilitiesDetails" xlink:type="simple" />
  <roleRef roleURI="http://www.coherent.com/role/DerivativeInstrumentsAndHedgingActivitiesOffsettingAssetsDetails" xlink:href="cohr-20160702.xsd#DerivativeInstrumentsAndHedgingActivitiesOffsettingAssetsDetails" xlink:type="simple" />
  <roleRef roleURI="http://www.coherent.com/role/DerivativeInstrumentsAndHedgingActivitiesTables" xlink:href="cohr-20160702.xsd#DerivativeInstrumentsAndHedgingActivitiesTables" xlink:type="simple" />
  <roleRef roleURI="http://www.coherent.com/role/DocumentAndEntityInformation" xlink:href="cohr-20160702.xsd#DocumentAndEntityInformation" xlink:type="simple" />
  <roleRef roleURI="http://www.coherent.com/role/EarningsPerShare" xlink:href="cohr-20160702.xsd#EarningsPerShare" xlink:type="simple" />
  <roleRef roleURI="http://www.coherent.com/role/EarningsPerShareDetails" xlink:href="cohr-20160702.xsd#EarningsPerShareDetails" xlink:type="simple" />
  <roleRef roleURI="http://www.coherent.com/role/EarningsPerShareTables" xlink:href="cohr-20160702.xsd#EarningsPerShareTables" xlink:type="simple" />
  <roleRef roleURI="http://www.coherent.com/role/FairValues" xlink:href="cohr-20160702.xsd#FairValues" xlink:type="simple" />
  <roleRef roleURI="http://www.coherent.com/role/FairValuesDetails" xlink:href="cohr-20160702.xsd#FairValuesDetails" xlink:type="simple" />
  <roleRef roleURI="http://www.coherent.com/role/FairValuesTables" xlink:href="cohr-20160702.xsd#FairValuesTables" xlink:type="simple" />
  <roleRef roleURI="http://www.coherent.com/role/GoodwillAndIntangibleAssets" xlink:href="cohr-20160702.xsd#GoodwillAndIntangibleAssets" xlink:type="simple" />
  <roleRef roleURI="http://www.coherent.com/role/GoodwillAndIntangibleAssetsGoodwillDetails" xlink:href="cohr-20160702.xsd#GoodwillAndIntangibleAssetsGoodwillDetails" xlink:type="simple" />
  <roleRef roleURI="http://www.coherent.com/role/GoodwillAndIntangibleAssetsIntangibleAssetsDetails" xlink:href="cohr-20160702.xsd#GoodwillAndIntangibleAssetsIntangibleAssetsDetails" xlink:type="simple" />
  <roleRef roleURI="http://www.coherent.com/role/GoodwillAndIntangibleAssetsIntangibleAssetsDetailsCalc2" xlink:href="cohr-20160702.xsd#GoodwillAndIntangibleAssetsIntangibleAssetsDetailsCalc2" xlink:type="simple" />
  <roleRef roleURI="http://www.coherent.com/role/GoodwillAndIntangibleAssetsTables" xlink:href="cohr-20160702.xsd#GoodwillAndIntangibleAssetsTables" xlink:type="simple" />
  <roleRef roleURI="http://www.coherent.com/role/IncomeTaxes" xlink:href="cohr-20160702.xsd#IncomeTaxes" xlink:type="simple" />
  <roleRef roleURI="http://www.coherent.com/role/IncomeTaxesDetails" xlink:href="cohr-20160702.xsd#IncomeTaxesDetails" xlink:type="simple" />
  <roleRef roleURI="http://www.coherent.com/role/OtherIncomeExpense" xlink:href="cohr-20160702.xsd#OtherIncomeExpense" xlink:type="simple" />
  <roleRef roleURI="http://www.coherent.com/role/OtherIncomeExpenseDetails" xlink:href="cohr-20160702.xsd#OtherIncomeExpenseDetails" xlink:type="simple" />
  <roleRef roleURI="http://www.coherent.com/role/OtherIncomeExpenseTables" xlink:href="cohr-20160702.xsd#OtherIncomeExpenseTables" xlink:type="simple" />
  <roleRef roleURI="http://www.coherent.com/role/RecentAccountingStandards" xlink:href="cohr-20160702.xsd#RecentAccountingStandards" xlink:type="simple" />
  <roleRef roleURI="http://www.coherent.com/role/RecentAccountingStandardsDetails" xlink:href="cohr-20160702.xsd#RecentAccountingStandardsDetails" xlink:type="simple" />
  <roleRef roleURI="http://www.coherent.com/role/SegmentInformation" xlink:href="cohr-20160702.xsd#SegmentInformation" xlink:type="simple" />
  <roleRef roleURI="http://www.coherent.com/role/SegmentInformationMajorCustomersDetails" xlink:href="cohr-20160702.xsd#SegmentInformationMajorCustomersDetails" xlink:type="simple" />
  <roleRef roleURI="http://www.coherent.com/role/SegmentInformationSalesAndIncomeLossFromOperationsDetails" xlink:href="cohr-20160702.xsd#SegmentInformationSalesAndIncomeLossFromOperationsDetails" xlink:type="simple" />
  <roleRef roleURI="http://www.coherent.com/role/SegmentInformationTables" xlink:href="cohr-20160702.xsd#SegmentInformationTables" xlink:type="simple" />
  <roleRef roleURI="http://www.coherent.com/role/ShortTermBorrowings" xlink:href="cohr-20160702.xsd#ShortTermBorrowings" xlink:type="simple" />
  <roleRef roleURI="http://www.coherent.com/role/ShortTermBorrowingsDetails" xlink:href="cohr-20160702.xsd#ShortTermBorrowingsDetails" xlink:type="simple" />
  <roleRef roleURI="http://www.coherent.com/role/ShortTermInvestments" xlink:href="cohr-20160702.xsd#ShortTermInvestments" xlink:type="simple" />
  <roleRef roleURI="http://www.coherent.com/role/ShortTermInvestmentsDetails" xlink:href="cohr-20160702.xsd#ShortTermInvestmentsDetails" xlink:type="simple" />
  <roleRef roleURI="http://www.coherent.com/role/ShortTermInvestmentsTables" xlink:href="cohr-20160702.xsd#ShortTermInvestmentsTables" xlink:type="simple" />
  <roleRef roleURI="http://www.coherent.com/role/StockBasedCompensation" xlink:href="cohr-20160702.xsd#StockBasedCompensation" xlink:type="simple" />
  <roleRef roleURI="http://www.coherent.com/role/StockBasedCompensationFairValueOfStockCompensationDetails" xlink:href="cohr-20160702.xsd#StockBasedCompensationFairValueOfStockCompensationDetails" xlink:type="simple" />
  <roleRef roleURI="http://www.coherent.com/role/StockBasedCompensationStockCompensationExpenseDetails" xlink:href="cohr-20160702.xsd#StockBasedCompensationStockCompensationExpenseDetails" xlink:type="simple" />
  <roleRef roleURI="http://www.coherent.com/role/StockBasedCompensationStockOptionsAndAwardsActivityDetails" xlink:href="cohr-20160702.xsd#StockBasedCompensationStockOptionsAndAwardsActivityDetails" xlink:type="simple" />
  <roleRef roleURI="http://www.coherent.com/role/StockBasedCompensationTables" xlink:href="cohr-20160702.xsd#StockBasedCompensationTables" xlink:type="simple" />
  <roleRef roleURI="http://www.coherent.com/role/StockRepurchase" xlink:href="cohr-20160702.xsd#StockRepurchase" xlink:type="simple" />
  <roleRef roleURI="http://www.coherent.com/role/StockRepurchaseDetails" xlink:href="cohr-20160702.xsd#StockRepurchaseDetails" xlink:type="simple" />
  <roleRef roleURI="http://www.coherent.com/role/SubsequentEventDetails" xlink:href="cohr-20160702.xsd#SubsequentEventDetails" xlink:type="simple" />
  <roleRef roleURI="http://www.coherent.com/role/SubsequentEventNotes" xlink:href="cohr-20160702.xsd#SubsequentEventNotes" xlink:type="simple" />
  <calculationLink xlink:role="http://www.coherent.com/role/AccumulatedOtherComprehensiveIncome" xlink:type="extended" />
  <calculationLink xlink:role="http://www.coherent.com/role/AccumulatedOtherComprehensiveIncomeDetails" xlink:type="extended" />
  <calculationLink xlink:role="http://www.coherent.com/role/BalanceSheetDetails" xlink:type="extended" />
  <calculationLink xlink:role="http://www.coherent.com/role/BalanceSheetDetailsDetails" xlink:type="extended">
    <loc xlink:href="http://xbrl.fasb.org/us-gaap/2016/elts/us-gaap-2016-01-31.xsd#us-gaap_OtherAssetsNoncurrent" xlink:label="loc_us-gaap_OtherAssetsNoncurrent_e6ade192-0839-bdd8-d08b-20387a0e8201" xlink:type="locator" />
    <loc xlink:href="http://xbrl.fasb.org/us-gaap/2016/elts/us-gaap-2016-01-31.xsd#us-gaap_DeferredCompensationPlanAssets" xlink:label="loc_us-gaap_DeferredCompensationPlanAssets_7ac897da-d5c3-8955-2406-f22993a37b47" xlink:type="locator" />
    <calculationArc order="1" weight="1" xlink:arcrole="http://www.xbrl.org/2003/arcrole/summation-item" xlink:from="loc_us-gaap_OtherAssetsNoncurrent_e6ade192-0839-bdd8-d08b-20387a0e8201" xlink:to="loc_us-gaap_DeferredCompensationPlanAssets_7ac897da-d5c3-8955-2406-f22993a37b47" xlink:type="arc" />
    <loc xlink:href="http://xbrl.fasb.org/us-gaap/2016/elts/us-gaap-2016-01-31.xsd#us-gaap_DeferredTaxAssetsNetNoncurrent" xlink:label="loc_us-gaap_DeferredTaxAssetsNetNoncurrent_8df56cc1-dc4c-f82b-bfc1-0248ef95a034" xlink:type="locator" />
    <calculationArc order="2" weight="1" xlink:arcrole="http://www.xbrl.org/2003/arcrole/summation-item" xlink:from="loc_us-gaap_OtherAssetsNoncurrent_e6ade192-0839-bdd8-d08b-20387a0e8201" xlink:to="loc_us-gaap_DeferredTaxAssetsNetNoncurrent_8df56cc1-dc4c-f82b-bfc1-0248ef95a034" xlink:type="arc" />
    <loc xlink:href="http://xbrl.fasb.org/us-gaap/2016/elts/us-gaap-2016-01-31.xsd#us-gaap_OtherAssetsMiscellaneousNoncurrent" xlink:label="loc_us-gaap_OtherAssetsMiscellaneousNoncurrent_7d434234-9902-ee76-78ab-213a487d7ad0" xlink:type="locator" />
    <calculationArc order="3" weight="1" xlink:arcrole="http://www.xbrl.org/2003/arcrole/summation-item" xlink:from="loc_us-gaap_OtherAssetsNoncurrent_e6ade192-0839-bdd8-d08b-20387a0e8201" xlink:to="loc_us-gaap_OtherAssetsMiscellaneousNoncurrent_7d434234-9902-ee76-78ab-213a487d7ad0" xlink:type="arc" />
    <loc xlink:href="http://xbrl.fasb.org/us-gaap/2016/elts/us-gaap-2016-01-31.xsd#us-gaap_PrepaidExpenseAndOtherAssetsCurrent" xlink:label="loc_us-gaap_PrepaidExpenseAndOtherAssetsCurrent_8cc01d89-cd24-22b5-77d4-23f6bae81aca" xlink:type="locator" />
    <loc xlink:href="http://xbrl.fasb.org/us-gaap/2016/elts/us-gaap-2016-01-31.xsd#us-gaap_PrepaidTaxes" xlink:label="loc_us-gaap_PrepaidTaxes_dd5b3d4d-4ca6-6906-0327-2a8e8f829e21" xlink:type="locator" />
    <calculationArc order="1" weight="1" xlink:arcrole="http://www.xbrl.org/2003/arcrole/summation-item" xlink:from="loc_us-gaap_PrepaidExpenseAndOtherAssetsCurrent_8cc01d89-cd24-22b5-77d4-23f6bae81aca" xlink:to="loc_us-gaap_PrepaidTaxes_dd5b3d4d-4ca6-6906-0327-2a8e8f829e21" xlink:type="arc" />
    <loc xlink:href="cohr-20160702.xsd#cohr_OtherTaxesReceivable" xlink:label="loc_cohr_OtherTaxesReceivable_f4fdff8c-1d71-a9da-6806-9f5213be82fe" xlink:type="locator" />
    <calculationArc order="2" weight="1" xlink:arcrole="http://www.xbrl.org/2003/arcrole/summation-item" xlink:from="loc_us-gaap_PrepaidExpenseAndOtherAssetsCurrent_8cc01d89-cd24-22b5-77d4-23f6bae81aca" xlink:to="loc_cohr_OtherTaxesReceivable_f4fdff8c-1d71-a9da-6806-9f5213be82fe" xlink:type="arc" />
    <loc xlink:href="http://xbrl.fasb.org/us-gaap/2016/elts/us-gaap-2016-01-31.xsd#us-gaap_OtherPrepaidExpenseCurrent" xlink:label="loc_us-gaap_OtherPrepaidExpenseCurrent_f1872ac6-9c1b-bfcf-be43-9e42711f3229" xlink:type="locator" />
    <calculationArc order="3" weight="1" xlink:arcrole="http://www.xbrl.org/2003/arcrole/summation-item" xlink:from="loc_us-gaap_PrepaidExpenseAndOtherAssetsCurrent_8cc01d89-cd24-22b5-77d4-23f6bae81aca" xlink:to="loc_us-gaap_OtherPrepaidExpenseCurrent_f1872ac6-9c1b-bfcf-be43-9e42711f3229" xlink:type="arc" />
    <loc xlink:href="http://xbrl.fasb.org/us-gaap/2016/elts/us-gaap-2016-01-31.xsd#us-gaap_OtherLiabilitiesNoncurrent" xlink:label="loc_us-gaap_OtherLiabilitiesNoncurrent_b65887e3-1865-ef3e-c8ae-81780cbff9ee" xlink:type="locator" />
    <loc xlink:href="http://xbrl.fasb.org/us-gaap/2016/elts/us-gaap-2016-01-31.xsd#us-gaap_AccruedIncomeTaxesNoncurrent" xlink:label="loc_us-gaap_AccruedIncomeTaxesNoncurrent_98a39907-b001-9f00-8f3e-0f6b3d013c7c" xlink:type="locator" />
    <calculationArc order="1" weight="1" xlink:arcrole="http://www.xbrl.org/2003/arcrole/summation-item" xlink:from="loc_us-gaap_OtherLiabilitiesNoncurrent_b65887e3-1865-ef3e-c8ae-81780cbff9ee" xlink:to="loc_us-gaap_AccruedIncomeTaxesNoncurrent_98a39907-b001-9f00-8f3e-0f6b3d013c7c" xlink:type="arc" />
    <loc xlink:href="http://xbrl.fasb.org/us-gaap/2016/elts/us-gaap-2016-01-31.xsd#us-gaap_DeferredCompensationLiabilityClassifiedNoncurrent" xlink:label="loc_us-gaap_DeferredCompensationLiabilityClassifiedNoncurrent_b2b39bb7-2393-47f6-f818-d757351b4961" xlink:type="locator" />
    <calculationArc order="2" weight="1" xlink:arcrole="http://www.xbrl.org/2003/arcrole/summation-item" xlink:from="loc_us-gaap_OtherLiabilitiesNoncurrent_b65887e3-1865-ef3e-c8ae-81780cbff9ee" xlink:to="loc_us-gaap_DeferredCompensationLiabilityClassifiedNoncurrent_b2b39bb7-2393-47f6-f818-d757351b4961" xlink:type="arc" />
    <loc xlink:href="http://xbrl.fasb.org/us-gaap/2016/elts/us-gaap-2016-01-31.xsd#us-gaap_DeferredTaxLiabilitiesNoncurrent" xlink:label="loc_us-gaap_DeferredTaxLiabilitiesNoncurrent_3b38d8c3-335c-53c8-5510-f59766fb81d5" xlink:type="locator" />
    <calculationArc order="3" weight="1" xlink:arcrole="http://www.xbrl.org/2003/arcrole/summation-item" xlink:from="loc_us-gaap_OtherLiabilitiesNoncurrent_b65887e3-1865-ef3e-c8ae-81780cbff9ee" xlink:to="loc_us-gaap_DeferredTaxLiabilitiesNoncurrent_3b38d8c3-335c-53c8-5510-f59766fb81d5" xlink:type="arc" />
    <loc xlink:href="http://xbrl.fasb.org/us-gaap/2016/elts/us-gaap-2016-01-31.xsd#us-gaap_DeferredRevenueNoncurrent" xlink:label="loc_us-gaap_DeferredRevenueNoncurrent_1a5a9fc6-9840-2236-a82b-b1165c317cdb" xlink:type="locator" />
    <calculationArc order="4" weight="1" xlink:arcrole="http://www.xbrl.org/2003/arcrole/summation-item" xlink:from="loc_us-gaap_OtherLiabilitiesNoncurrent_b65887e3-1865-ef3e-c8ae-81780cbff9ee" xlink:to="loc_us-gaap_DeferredRevenueNoncurrent_1a5a9fc6-9840-2236-a82b-b1165c317cdb" xlink:type="arc" />
    <loc xlink:href="http://xbrl.fasb.org/us-gaap/2016/elts/us-gaap-2016-01-31.xsd#us-gaap_AssetRetirementObligationsNoncurrent" xlink:label="loc_us-gaap_AssetRetirementObligationsNoncurrent_3d061de4-711b-61a3-06fd-1cca424b80ca" xlink:type="locator" />
    <calculationArc order="5" weight="1" xlink:arcrole="http://www.xbrl.org/2003/arcrole/summation-item" xlink:from="loc_us-gaap_OtherLiabilitiesNoncurrent_b65887e3-1865-ef3e-c8ae-81780cbff9ee" xlink:to="loc_us-gaap_AssetRetirementObligationsNoncurrent_3d061de4-711b-61a3-06fd-1cca424b80ca" xlink:type="arc" />
    <loc xlink:href="http://xbrl.fasb.org/us-gaap/2016/elts/us-gaap-2016-01-31.xsd#us-gaap_OtherSundryLiabilitiesNoncurrent" xlink:label="loc_us-gaap_OtherSundryLiabilitiesNoncurrent_b288ecdd-f4ff-20e0-9362-47a9e9563b40" xlink:type="locator" />
    <calculationArc order="6" weight="1" xlink:arcrole="http://www.xbrl.org/2003/arcrole/summation-item" xlink:from="loc_us-gaap_OtherLiabilitiesNoncurrent_b65887e3-1865-ef3e-c8ae-81780cbff9ee" xlink:to="loc_us-gaap_OtherSundryLiabilitiesNoncurrent_b288ecdd-f4ff-20e0-9362-47a9e9563b40" xlink:type="arc" />
    <loc xlink:href="http://xbrl.fasb.org/us-gaap/2016/elts/us-gaap-2016-01-31.xsd#us-gaap_OtherLiabilitiesCurrent" xlink:label="loc_us-gaap_OtherLiabilitiesCurrent_0ff25fd8-f6de-e7fa-c6c3-85d94f17f57b" xlink:type="locator" />
    <loc xlink:href="http://xbrl.fasb.org/us-gaap/2016/elts/us-gaap-2016-01-31.xsd#us-gaap_EmployeeRelatedLiabilitiesCurrent" xlink:label="loc_us-gaap_EmployeeRelatedLiabilitiesCurrent_e20e4396-1ab7-d9ec-b779-e1a72ae620da" xlink:type="locator" />
    <calculationArc order="1" weight="1" xlink:arcrole="http://www.xbrl.org/2003/arcrole/summation-item" xlink:from="loc_us-gaap_OtherLiabilitiesCurrent_0ff25fd8-f6de-e7fa-c6c3-85d94f17f57b" xlink:to="loc_us-gaap_EmployeeRelatedLiabilitiesCurrent_e20e4396-1ab7-d9ec-b779-e1a72ae620da" xlink:type="arc" />
    <loc xlink:href="http://xbrl.fasb.org/us-gaap/2016/elts/us-gaap-2016-01-31.xsd#us-gaap_OtherAccruedLiabilitiesCurrent" xlink:label="loc_us-gaap_OtherAccruedLiabilitiesCurrent_3b18b100-5c23-de0c-2b69-6ea7677a5a64" xlink:type="locator" />
    <calculationArc order="2" weight="1" xlink:arcrole="http://www.xbrl.org/2003/arcrole/summation-item" xlink:from="loc_us-gaap_OtherLiabilitiesCurrent_0ff25fd8-f6de-e7fa-c6c3-85d94f17f57b" xlink:to="loc_us-gaap_OtherAccruedLiabilitiesCurrent_3b18b100-5c23-de0c-2b69-6ea7677a5a64" xlink:type="arc" />
    <loc xlink:href="http://xbrl.fasb.org/us-gaap/2016/elts/us-gaap-2016-01-31.xsd#us-gaap_ProductWarrantyAccrualClassifiedCurrent" xlink:label="loc_us-gaap_ProductWarrantyAccrualClassifiedCurrent_f90b5837-0c69-6590-8b8b-447b136c9628" xlink:type="locator" />
    <calculationArc order="3" weight="1" xlink:arcrole="http://www.xbrl.org/2003/arcrole/summation-item" xlink:from="loc_us-gaap_OtherLiabilitiesCurrent_0ff25fd8-f6de-e7fa-c6c3-85d94f17f57b" xlink:to="loc_us-gaap_ProductWarrantyAccrualClassifiedCurrent_f90b5837-0c69-6590-8b8b-447b136c9628" xlink:type="arc" />
    <loc xlink:href="http://xbrl.fasb.org/us-gaap/2016/elts/us-gaap-2016-01-31.xsd#us-gaap_AccrualForTaxesOtherThanIncomeTaxesCurrent" xlink:label="loc_us-gaap_AccrualForTaxesOtherThanIncomeTaxesCurrent_86e463ca-f4a8-e428-3208-859357db0dec" xlink:type="locator" />
    <calculationArc order="4" weight="1" xlink:arcrole="http://www.xbrl.org/2003/arcrole/summation-item" xlink:from="loc_us-gaap_OtherLiabilitiesCurrent_0ff25fd8-f6de-e7fa-c6c3-85d94f17f57b" xlink:to="loc_us-gaap_AccrualForTaxesOtherThanIncomeTaxesCurrent_86e463ca-f4a8-e428-3208-859357db0dec" xlink:type="arc" />
    <loc xlink:href="http://xbrl.fasb.org/us-gaap/2016/elts/us-gaap-2016-01-31.xsd#us-gaap_CustomerDepositsCurrent" xlink:label="loc_us-gaap_CustomerDepositsCurrent_59d2acf1-74df-4019-07a4-635024eee9bf" xlink:type="locator" />
    <calculationArc order="5" weight="1" xlink:arcrole="http://www.xbrl.org/2003/arcrole/summation-item" xlink:from="loc_us-gaap_OtherLiabilitiesCurrent_0ff25fd8-f6de-e7fa-c6c3-85d94f17f57b" xlink:to="loc_us-gaap_CustomerDepositsCurrent_59d2acf1-74df-4019-07a4-635024eee9bf" xlink:type="arc" />
    <loc xlink:href="http://xbrl.fasb.org/us-gaap/2016/elts/us-gaap-2016-01-31.xsd#us-gaap_DeferredRevenueCurrent" xlink:label="loc_us-gaap_DeferredRevenueCurrent_2e84b53d-95cb-56a2-a5b5-1d31836c02d9" xlink:type="locator" />
    <calculationArc order="6" weight="1" xlink:arcrole="http://www.xbrl.org/2003/arcrole/summation-item" xlink:from="loc_us-gaap_OtherLiabilitiesCurrent_0ff25fd8-f6de-e7fa-c6c3-85d94f17f57b" xlink:to="loc_us-gaap_DeferredRevenueCurrent_2e84b53d-95cb-56a2-a5b5-1d31836c02d9" xlink:type="arc" />
    <loc xlink:href="http://xbrl.fasb.org/us-gaap/2016/elts/us-gaap-2016-01-31.xsd#us-gaap_InventoryNet" xlink:label="loc_us-gaap_InventoryNet_a5201305-cb63-d1e5-f4e7-e25409fb5d3a" xlink:type="locator" />
    <loc xlink:href="http://xbrl.fasb.org/us-gaap/2016/elts/us-gaap-2016-01-31.xsd#us-gaap_InventoryRawMaterialsAndPurchasedPartsNetOfReserves" xlink:label="loc_us-gaap_InventoryRawMaterialsAndPurchasedPartsNetOfReserves_206fb3bd-4eed-8dcd-212a-a681a50284e3" xlink:type="locator" />
    <calculationArc order="1" weight="1" xlink:arcrole="http://www.xbrl.org/2003/arcrole/summation-item" xlink:from="loc_us-gaap_InventoryNet_a5201305-cb63-d1e5-f4e7-e25409fb5d3a" xlink:to="loc_us-gaap_InventoryRawMaterialsAndPurchasedPartsNetOfReserves_206fb3bd-4eed-8dcd-212a-a681a50284e3" xlink:type="arc" />
    <loc xlink:href="http://xbrl.fasb.org/us-gaap/2016/elts/us-gaap-2016-01-31.xsd#us-gaap_InventoryWorkInProcessNetOfReserves" xlink:label="loc_us-gaap_InventoryWorkInProcessNetOfReserves_7b711a15-f1f0-530a-4653-51844577a7f7" xlink:type="locator" />
    <calculationArc order="2" weight="1" xlink:arcrole="http://www.xbrl.org/2003/arcrole/summation-item" xlink:from="loc_us-gaap_InventoryNet_a5201305-cb63-d1e5-f4e7-e25409fb5d3a" xlink:to="loc_us-gaap_InventoryWorkInProcessNetOfReserves_7b711a15-f1f0-530a-4653-51844577a7f7" xlink:type="arc" />
    <loc xlink:href="http://xbrl.fasb.org/us-gaap/2016/elts/us-gaap-2016-01-31.xsd#us-gaap_InventoryFinishedGoodsNetOfReserves" xlink:label="loc_us-gaap_InventoryFinishedGoodsNetOfReserves_5e2f7e41-cc2d-1880-9908-a0f60d8dacca" xlink:type="locator" />
    <calculationArc order="3" weight="1" xlink:arcrole="http://www.xbrl.org/2003/arcrole/summation-item" xlink:from="loc_us-gaap_InventoryNet_a5201305-cb63-d1e5-f4e7-e25409fb5d3a" xlink:to="loc_us-gaap_InventoryFinishedGoodsNetOfReserves_5e2f7e41-cc2d-1880-9908-a0f60d8dacca" xlink:type="arc" />
  </calculationLink>
  <calculationLink xlink:role="http://www.coherent.com/role/BalanceSheetDetailsTables" xlink:type="extended" />
  <calculationLink xlink:role="http://www.coherent.com/role/BasisOfPresentation" xlink:type="extended" />
  <calculationLink xlink:role="http://www.coherent.com/role/BasisOfPresentationDetails" xlink:type="extended" />
  <calculationLink xlink:role="http://www.coherent.com/role/BusinessCombinations" xlink:type="extended" />
  <calculationLink xlink:role="http://www.coherent.com/role/BusinessCombinationsDetails" xlink:type="extended" />
  <calculationLink xlink:role="http://www.coherent.com/role/BusinessCombinationsTables" xlink:type="extended" />
  <calculationLink xlink:role="http://www.coherent.com/role/CommitmentsAndContingencies" xlink:type="extended" />
  <calculationLink xlink:role="http://www.coherent.com/role/CommitmentsAndContingenciesDetails" xlink:type="extended" />
  <calculationLink xlink:role="http://www.coherent.com/role/CondensedConsolidatedBalanceSheets" xlink:type="extended">
    <loc xlink:href="http://xbrl.fasb.org/us-gaap/2016/elts/us-gaap-2016-01-31.xsd#us-gaap_LiabilitiesAndStockholdersEquity" xlink:label="loc_us-gaap_LiabilitiesAndStockholdersEquity_04e17fb3-9b77-1c98-f460-7f5dd0c01008" xlink:type="locator" />
    <loc xlink:href="http://xbrl.fasb.org/us-gaap/2016/elts/us-gaap-2016-01-31.xsd#us-gaap_LiabilitiesCurrent" xlink:label="loc_us-gaap_LiabilitiesCurrent_a859bb84-8118-88ec-5136-83fdb14e8f32" xlink:type="locator" />
    <calculationArc order="1" weight="1" xlink:arcrole="http://www.xbrl.org/2003/arcrole/summation-item" xlink:from="loc_us-gaap_LiabilitiesAndStockholdersEquity_04e17fb3-9b77-1c98-f460-7f5dd0c01008" xlink:to="loc_us-gaap_LiabilitiesCurrent_a859bb84-8118-88ec-5136-83fdb14e8f32" xlink:type="arc" />
    <loc xlink:href="http://xbrl.fasb.org/us-gaap/2016/elts/us-gaap-2016-01-31.xsd#us-gaap_AccountsPayableCurrent" xlink:label="loc_us-gaap_AccountsPayableCurrent_222239a2-3ddd-5e4f-4ae1-b11c60b29d92" xlink:type="locator" />
    <calculationArc order="1" weight="1" xlink:arcrole="http://www.xbrl.org/2003/arcrole/summation-item" xlink:from="loc_us-gaap_LiabilitiesCurrent_a859bb84-8118-88ec-5136-83fdb14e8f32" xlink:to="loc_us-gaap_AccountsPayableCurrent_222239a2-3ddd-5e4f-4ae1-b11c60b29d92" xlink:type="arc" />
    <loc xlink:href="http://xbrl.fasb.org/us-gaap/2016/elts/us-gaap-2016-01-31.xsd#us-gaap_AccruedIncomeTaxesCurrent" xlink:label="loc_us-gaap_AccruedIncomeTaxesCurrent_cd1623dd-4d7a-16b7-05d7-1ab0d4540c5c" xlink:type="locator" />
    <calculationArc order="2" weight="1" xlink:arcrole="http://www.xbrl.org/2003/arcrole/summation-item" xlink:from="loc_us-gaap_LiabilitiesCurrent_a859bb84-8118-88ec-5136-83fdb14e8f32" xlink:to="loc_us-gaap_AccruedIncomeTaxesCurrent_cd1623dd-4d7a-16b7-05d7-1ab0d4540c5c" xlink:type="arc" />
    <loc xlink:href="http://xbrl.fasb.org/us-gaap/2016/elts/us-gaap-2016-01-31.xsd#us-gaap_OtherLiabilitiesCurrent" xlink:label="loc_us-gaap_OtherLiabilitiesCurrent_0ff25fd8-f6de-e7fa-c6c3-85d94f17f57b" xlink:type="locator" />
    <calculationArc order="3" weight="1" xlink:arcrole="http://www.xbrl.org/2003/arcrole/summation-item" xlink:from="loc_us-gaap_LiabilitiesCurrent_a859bb84-8118-88ec-5136-83fdb14e8f32" xlink:to="loc_us-gaap_OtherLiabilitiesCurrent_0ff25fd8-f6de-e7fa-c6c3-85d94f17f57b" xlink:type="arc" />
    <loc xlink:href="http://xbrl.fasb.org/us-gaap/2016/elts/us-gaap-2016-01-31.xsd#us-gaap_ShorttermDebtFairValue" xlink:label="loc_us-gaap_ShorttermDebtFairValue_d0260b00-e1d1-5c1a-0b0f-d96369d70752" xlink:type="locator" />
    <calculationArc order="4" weight="1" xlink:arcrole="http://www.xbrl.org/2003/arcrole/summation-item" xlink:from="loc_us-gaap_LiabilitiesCurrent_a859bb84-8118-88ec-5136-83fdb14e8f32" xlink:to="loc_us-gaap_ShorttermDebtFairValue_d0260b00-e1d1-5c1a-0b0f-d96369d70752" xlink:type="arc" />
    <loc xlink:href="http://xbrl.fasb.org/us-gaap/2016/elts/us-gaap-2016-01-31.xsd#us-gaap_OtherLiabilitiesNoncurrent" xlink:label="loc_us-gaap_OtherLiabilitiesNoncurrent_b65887e3-1865-ef3e-c8ae-81780cbff9ee" xlink:type="locator" />
    <calculationArc order="2" weight="1" xlink:arcrole="http://www.xbrl.org/2003/arcrole/summation-item" xlink:from="loc_us-gaap_LiabilitiesAndStockholdersEquity_04e17fb3-9b77-1c98-f460-7f5dd0c01008" xlink:to="loc_us-gaap_OtherLiabilitiesNoncurrent_b65887e3-1865-ef3e-c8ae-81780cbff9ee" xlink:type="arc" />
    <loc xlink:href="http://xbrl.fasb.org/us-gaap/2016/elts/us-gaap-2016-01-31.xsd#us-gaap_StockholdersEquity" xlink:label="loc_us-gaap_StockholdersEquity_2644da13-7baa-0a2f-63e0-0906a691ba01" xlink:type="locator" />
    <calculationArc order="3" weight="1" xlink:arcrole="http://www.xbrl.org/2003/arcrole/summation-item" xlink:from="loc_us-gaap_LiabilitiesAndStockholdersEquity_04e17fb3-9b77-1c98-f460-7f5dd0c01008" xlink:to="loc_us-gaap_StockholdersEquity_2644da13-7baa-0a2f-63e0-0906a691ba01" xlink:type="arc" />
    <loc xlink:href="http://xbrl.fasb.org/us-gaap/2016/elts/us-gaap-2016-01-31.xsd#us-gaap_CommonStockValue" xlink:label="loc_us-gaap_CommonStockValue_d53388e7-4c8c-4e6d-6e90-7a6e0a100b74" xlink:type="locator" />
    <calculationArc order="1" weight="1" xlink:arcrole="http://www.xbrl.org/2003/arcrole/summation-item" xlink:from="loc_us-gaap_StockholdersEquity_2644da13-7baa-0a2f-63e0-0906a691ba01" xlink:to="loc_us-gaap_CommonStockValue_d53388e7-4c8c-4e6d-6e90-7a6e0a100b74" xlink:type="arc" />
    <loc xlink:href="http://xbrl.fasb.org/us-gaap/2016/elts/us-gaap-2016-01-31.xsd#us-gaap_AdditionalPaidInCapital" xlink:label="loc_us-gaap_AdditionalPaidInCapital_27e98f68-fe6c-3420-5b5a-861a4dc60800" xlink:type="locator" />
    <calculationArc order="2" weight="1" xlink:arcrole="http://www.xbrl.org/2003/arcrole/summation-item" xlink:from="loc_us-gaap_StockholdersEquity_2644da13-7baa-0a2f-63e0-0906a691ba01" xlink:to="loc_us-gaap_AdditionalPaidInCapital_27e98f68-fe6c-3420-5b5a-861a4dc60800" xlink:type="arc" />
    <loc xlink:href="http://xbrl.fasb.org/us-gaap/2016/elts/us-gaap-2016-01-31.xsd#us-gaap_AccumulatedOtherComprehensiveIncomeLossNetOfTax" xlink:label="loc_us-gaap_AccumulatedOtherComprehensiveIncomeLossNetOfTax_aeb1020a-508a-a8c1-f34c-bafff16c26cb" xlink:type="locator" />
    <calculationArc order="3" weight="1" xlink:arcrole="http://www.xbrl.org/2003/arcrole/summation-item" xlink:from="loc_us-gaap_StockholdersEquity_2644da13-7baa-0a2f-63e0-0906a691ba01" xlink:to="loc_us-gaap_AccumulatedOtherComprehensiveIncomeLossNetOfTax_aeb1020a-508a-a8c1-f34c-bafff16c26cb" xlink:type="arc" />
    <loc xlink:href="http://xbrl.fasb.org/us-gaap/2016/elts/us-gaap-2016-01-31.xsd#us-gaap_RetainedEarningsAccumulatedDeficit" xlink:label="loc_us-gaap_RetainedEarningsAccumulatedDeficit_f759e73e-9f4f-941e-1138-49bc44f6b118" xlink:type="locator" />
    <calculationArc order="4" weight="1" xlink:arcrole="http://www.xbrl.org/2003/arcrole/summation-item" xlink:from="loc_us-gaap_StockholdersEquity_2644da13-7baa-0a2f-63e0-0906a691ba01" xlink:to="loc_us-gaap_RetainedEarningsAccumulatedDeficit_f759e73e-9f4f-941e-1138-49bc44f6b118" xlink:type="arc" />
    <loc xlink:href="http://xbrl.fasb.org/us-gaap/2016/elts/us-gaap-2016-01-31.xsd#us-gaap_CommitmentsAndContingencies" xlink:label="loc_us-gaap_CommitmentsAndContingencies_49d65a66-0444-b198-9d28-5c0811b1bdf3" xlink:type="locator" />
    <calculationArc order="4" weight="1" xlink:arcrole="http://www.xbrl.org/2003/arcrole/summation-item" xlink:from="loc_us-gaap_LiabilitiesAndStockholdersEquity_04e17fb3-9b77-1c98-f460-7f5dd0c01008" xlink:to="loc_us-gaap_CommitmentsAndContingencies_49d65a66-0444-b198-9d28-5c0811b1bdf3" xlink:type="arc" />
    <loc xlink:href="http://xbrl.fasb.org/us-gaap/2016/elts/us-gaap-2016-01-31.xsd#us-gaap_Assets" xlink:label="loc_us-gaap_Assets_08bee809-e27e-48c3-da2d-5d52948eb470" xlink:type="locator" />
    <loc xlink:href="http://xbrl.fasb.org/us-gaap/2016/elts/us-gaap-2016-01-31.xsd#us-gaap_AssetsCurrent" xlink:label="loc_us-gaap_AssetsCurrent_dbbeeff9-fd43-6151-195d-0532728ac216" xlink:type="locator" />
    <calculationArc order="1" weight="1" xlink:arcrole="http://www.xbrl.org/2003/arcrole/summation-item" xlink:from="loc_us-gaap_Assets_08bee809-e27e-48c3-da2d-5d52948eb470" xlink:to="loc_us-gaap_AssetsCurrent_dbbeeff9-fd43-6151-195d-0532728ac216" xlink:type="arc" />
    <loc xlink:href="http://xbrl.fasb.org/us-gaap/2016/elts/us-gaap-2016-01-31.xsd#us-gaap_CashAndCashEquivalentsAtCarryingValue" xlink:label="loc_us-gaap_CashAndCashEquivalentsAtCarryingValue_ec544f28-9c7b-137c-e428-9ae47c2375fc" xlink:type="locator" />
    <calculationArc order="1" weight="1" xlink:arcrole="http://www.xbrl.org/2003/arcrole/summation-item" xlink:from="loc_us-gaap_AssetsCurrent_dbbeeff9-fd43-6151-195d-0532728ac216" xlink:to="loc_us-gaap_CashAndCashEquivalentsAtCarryingValue_ec544f28-9c7b-137c-e428-9ae47c2375fc" xlink:type="arc" />
    <loc xlink:href="http://xbrl.fasb.org/us-gaap/2016/elts/us-gaap-2016-01-31.xsd#us-gaap_ShortTermInvestments" xlink:label="loc_us-gaap_ShortTermInvestments_cba84dc8-4958-54c2-1b6f-e02bffbabe75" xlink:type="locator" />
    <calculationArc order="2" weight="1" xlink:arcrole="http://www.xbrl.org/2003/arcrole/summation-item" xlink:from="loc_us-gaap_AssetsCurrent_dbbeeff9-fd43-6151-195d-0532728ac216" xlink:to="loc_us-gaap_ShortTermInvestments_cba84dc8-4958-54c2-1b6f-e02bffbabe75" xlink:type="arc" />
    <loc xlink:href="http://xbrl.fasb.org/us-gaap/2016/elts/us-gaap-2016-01-31.xsd#us-gaap_AccountsReceivableNetCurrent" xlink:label="loc_us-gaap_AccountsReceivableNetCurrent_d28874fa-4543-5746-c91a-559d7ab47f77" xlink:type="locator" />
    <calculationArc order="3" weight="1" xlink:arcrole="http://www.xbrl.org/2003/arcrole/summation-item" xlink:from="loc_us-gaap_AssetsCurrent_dbbeeff9-fd43-6151-195d-0532728ac216" xlink:to="loc_us-gaap_AccountsReceivableNetCurrent_d28874fa-4543-5746-c91a-559d7ab47f77" xlink:type="arc" />
    <loc xlink:href="http://xbrl.fasb.org/us-gaap/2016/elts/us-gaap-2016-01-31.xsd#us-gaap_InventoryNet" xlink:label="loc_us-gaap_InventoryNet_a5201305-cb63-d1e5-f4e7-e25409fb5d3a" xlink:type="locator" />
    <calculationArc order="4" weight="1" xlink:arcrole="http://www.xbrl.org/2003/arcrole/summation-item" xlink:from="loc_us-gaap_AssetsCurrent_dbbeeff9-fd43-6151-195d-0532728ac216" xlink:to="loc_us-gaap_InventoryNet_a5201305-cb63-d1e5-f4e7-e25409fb5d3a" xlink:type="arc" />
    <loc xlink:href="http://xbrl.fasb.org/us-gaap/2016/elts/us-gaap-2016-01-31.xsd#us-gaap_PrepaidExpenseAndOtherAssets" xlink:label="loc_us-gaap_PrepaidExpenseAndOtherAssets_8eb935ea-63de-339d-c6b8-12474f86bd6c" xlink:type="locator" />
    <calculationArc order="5" weight="1" xlink:arcrole="http://www.xbrl.org/2003/arcrole/summation-item" xlink:from="loc_us-gaap_AssetsCurrent_dbbeeff9-fd43-6151-195d-0532728ac216" xlink:to="loc_us-gaap_PrepaidExpenseAndOtherAssets_8eb935ea-63de-339d-c6b8-12474f86bd6c" xlink:type="arc" />
    <loc xlink:href="http://xbrl.fasb.org/us-gaap/2016/elts/us-gaap-2016-01-31.xsd#us-gaap_PropertyPlantAndEquipmentNet" xlink:label="loc_us-gaap_PropertyPlantAndEquipmentNet_68e7c3c1-9b8d-84fe-3a5c-d69c15dfe7a2" xlink:type="locator" />
    <calculationArc order="2" weight="1" xlink:arcrole="http://www.xbrl.org/2003/arcrole/summation-item" xlink:from="loc_us-gaap_Assets_08bee809-e27e-48c3-da2d-5d52948eb470" xlink:to="loc_us-gaap_PropertyPlantAndEquipmentNet_68e7c3c1-9b8d-84fe-3a5c-d69c15dfe7a2" xlink:type="arc" />
    <loc xlink:href="http://xbrl.fasb.org/us-gaap/2016/elts/us-gaap-2016-01-31.xsd#us-gaap_Goodwill" xlink:label="loc_us-gaap_Goodwill_d723083e-f7a3-6d89-9926-32afaa010d8a" xlink:type="locator" />
    <calculationArc order="3" weight="1" xlink:arcrole="http://www.xbrl.org/2003/arcrole/summation-item" xlink:from="loc_us-gaap_Assets_08bee809-e27e-48c3-da2d-5d52948eb470" xlink:to="loc_us-gaap_Goodwill_d723083e-f7a3-6d89-9926-32afaa010d8a" xlink:type="arc" />
    <loc xlink:href="http://xbrl.fasb.org/us-gaap/2016/elts/us-gaap-2016-01-31.xsd#us-gaap_IntangibleAssetsNetExcludingGoodwill" xlink:label="loc_us-gaap_IntangibleAssetsNetExcludingGoodwill_27b15389-386a-f983-c189-731d6d3c3fbb" xlink:type="locator" />
    <calculationArc order="4" weight="1" xlink:arcrole="http://www.xbrl.org/2003/arcrole/summation-item" xlink:from="loc_us-gaap_Assets_08bee809-e27e-48c3-da2d-5d52948eb470" xlink:to="loc_us-gaap_IntangibleAssetsNetExcludingGoodwill_27b15389-386a-f983-c189-731d6d3c3fbb" xlink:type="arc" />
    <loc xlink:href="http://xbrl.fasb.org/us-gaap/2016/elts/us-gaap-2016-01-31.xsd#us-gaap_OtherAssetsNoncurrent" xlink:label="loc_us-gaap_OtherAssetsNoncurrent_e6ade192-0839-bdd8-d08b-20387a0e8201" xlink:type="locator" />
    <calculationArc order="5" weight="1" xlink:arcrole="http://www.xbrl.org/2003/arcrole/summation-item" xlink:from="loc_us-gaap_Assets_08bee809-e27e-48c3-da2d-5d52948eb470" xlink:to="loc_us-gaap_OtherAssetsNoncurrent_e6ade192-0839-bdd8-d08b-20387a0e8201" xlink:type="arc" />
  </calculationLink>
  <calculationLink xlink:role="http://www.coherent.com/role/CondensedConsolidatedBalanceSheetsParenthetical" xlink:type="extended" />
  <calculationLink xlink:role="http://www.coherent.com/role/CondensedConsolidatedStatementsOfCashFlows" xlink:type="extended">
    <loc xlink:href="http://xbrl.fasb.org/us-gaap/2016/elts/us-gaap-2016-01-31.xsd#us-gaap_CashAndCashEquivalentsPeriodIncreaseDecrease" xlink:label="loc_us-gaap_CashAndCashEquivalentsPeriodIncreaseDecrease_104af714-3829-5d79-3fb3-059f86c366da" xlink:type="locator" />
    <loc xlink:href="http://xbrl.fasb.org/us-gaap/2016/elts/us-gaap-2016-01-31.xsd#us-gaap_NetCashProvidedByUsedInOperatingActivities" xlink:label="loc_us-gaap_NetCashProvidedByUsedInOperatingActivities_975a3fab-7f49-5162-2cb5-31bb1479931f" xlink:type="locator" />
    <calculationArc order="1" weight="1" xlink:arcrole="http://www.xbrl.org/2003/arcrole/summation-item" xlink:from="loc_us-gaap_CashAndCashEquivalentsPeriodIncreaseDecrease_104af714-3829-5d79-3fb3-059f86c366da" xlink:to="loc_us-gaap_NetCashProvidedByUsedInOperatingActivities_975a3fab-7f49-5162-2cb5-31bb1479931f" xlink:type="arc" />
    <loc xlink:href="http://xbrl.fasb.org/us-gaap/2016/elts/us-gaap-2016-01-31.xsd#us-gaap_NetIncomeLoss" xlink:label="loc_us-gaap_NetIncomeLoss_8baf87d5-5f2f-7d0d-cb85-b9f249bae0c5" xlink:type="locator" />
    <calculationArc order="1" weight="1" xlink:arcrole="http://www.xbrl.org/2003/arcrole/summation-item" xlink:from="loc_us-gaap_NetCashProvidedByUsedInOperatingActivities_975a3fab-7f49-5162-2cb5-31bb1479931f" xlink:to="loc_us-gaap_NetIncomeLoss_8baf87d5-5f2f-7d0d-cb85-b9f249bae0c5" xlink:type="arc" />
    <loc xlink:href="cohr-20160702.xsd#cohr_DepreciationAndAmortizationNet" xlink:label="loc_cohr_DepreciationAndAmortizationNet_bc83539b-1acc-d664-764f-9f5213327751" xlink:type="locator" />
    <calculationArc order="2" weight="1" xlink:arcrole="http://www.xbrl.org/2003/arcrole/summation-item" xlink:from="loc_us-gaap_NetCashProvidedByUsedInOperatingActivities_975a3fab-7f49-5162-2cb5-31bb1479931f" xlink:to="loc_cohr_DepreciationAndAmortizationNet_bc83539b-1acc-d664-764f-9f5213327751" xlink:type="arc" />
    <loc xlink:href="http://xbrl.fasb.org/us-gaap/2016/elts/us-gaap-2016-01-31.xsd#us-gaap_AmortizationOfIntangibleAssets" xlink:label="loc_us-gaap_AmortizationOfIntangibleAssets_45782c94-912f-fb4e-76bf-199e35f3c27b" xlink:type="locator" />
    <calculationArc order="3" weight="1" xlink:arcrole="http://www.xbrl.org/2003/arcrole/summation-item" xlink:from="loc_us-gaap_NetCashProvidedByUsedInOperatingActivities_975a3fab-7f49-5162-2cb5-31bb1479931f" xlink:to="loc_us-gaap_AmortizationOfIntangibleAssets_45782c94-912f-fb4e-76bf-199e35f3c27b" xlink:type="arc" />
    <loc xlink:href="http://xbrl.fasb.org/us-gaap/2016/elts/us-gaap-2016-01-31.xsd#us-gaap_AssetImpairmentCharges" xlink:label="loc_us-gaap_AssetImpairmentCharges_e9dae748-ce73-2cae-8ad1-e4200122188d" xlink:type="locator" />
    <calculationArc order="4" weight="1" xlink:arcrole="http://www.xbrl.org/2003/arcrole/summation-item" xlink:from="loc_us-gaap_NetCashProvidedByUsedInOperatingActivities_975a3fab-7f49-5162-2cb5-31bb1479931f" xlink:to="loc_us-gaap_AssetImpairmentCharges_e9dae748-ce73-2cae-8ad1-e4200122188d" xlink:type="arc" />
    <loc xlink:href="http://xbrl.fasb.org/us-gaap/2016/elts/us-gaap-2016-01-31.xsd#us-gaap_DeferredIncomeTaxExpenseBenefit" xlink:label="loc_us-gaap_DeferredIncomeTaxExpenseBenefit_91674616-989d-90e8-1302-b52ff7a33098" xlink:type="locator" />
    <calculationArc order="5" weight="1" xlink:arcrole="http://www.xbrl.org/2003/arcrole/summation-item" xlink:from="loc_us-gaap_NetCashProvidedByUsedInOperatingActivities_975a3fab-7f49-5162-2cb5-31bb1479931f" xlink:to="loc_us-gaap_DeferredIncomeTaxExpenseBenefit_91674616-989d-90e8-1302-b52ff7a33098" xlink:type="arc" />
    <loc xlink:href="http://xbrl.fasb.org/us-gaap/2016/elts/us-gaap-2016-01-31.xsd#us-gaap_ShareBasedCompensation" xlink:label="loc_us-gaap_ShareBasedCompensation_432488d8-28ca-5b8d-679b-29be120957b5" xlink:type="locator" />
    <calculationArc order="6" weight="1" xlink:arcrole="http://www.xbrl.org/2003/arcrole/summation-item" xlink:from="loc_us-gaap_NetCashProvidedByUsedInOperatingActivities_975a3fab-7f49-5162-2cb5-31bb1479931f" xlink:to="loc_us-gaap_ShareBasedCompensation_432488d8-28ca-5b8d-679b-29be120957b5" xlink:type="arc" />
    <loc xlink:href="http://xbrl.fasb.org/us-gaap/2016/elts/us-gaap-2016-01-31.xsd#us-gaap_OtherNoncashIncomeExpense" xlink:label="loc_us-gaap_OtherNoncashIncomeExpense_ef024267-fc04-b9fd-6e4e-38d399da963a" xlink:type="locator" />
    <calculationArc order="7" weight="-1" xlink:arcrole="http://www.xbrl.org/2003/arcrole/summation-item" xlink:from="loc_us-gaap_NetCashProvidedByUsedInOperatingActivities_975a3fab-7f49-5162-2cb5-31bb1479931f" xlink:to="loc_us-gaap_OtherNoncashIncomeExpense_ef024267-fc04-b9fd-6e4e-38d399da963a" xlink:type="arc" />
    <loc xlink:href="http://xbrl.fasb.org/us-gaap/2016/elts/us-gaap-2016-01-31.xsd#us-gaap_IncreaseDecreaseInAccountsReceivable" xlink:label="loc_us-gaap_IncreaseDecreaseInAccountsReceivable_ffe19198-61f8-be6a-6111-42f645804604" xlink:type="locator" />
    <calculationArc order="8" weight="-1" xlink:arcrole="http://www.xbrl.org/2003/arcrole/summation-item" xlink:from="loc_us-gaap_NetCashProvidedByUsedInOperatingActivities_975a3fab-7f49-5162-2cb5-31bb1479931f" xlink:to="loc_us-gaap_IncreaseDecreaseInAccountsReceivable_ffe19198-61f8-be6a-6111-42f645804604" xlink:type="arc" />
    <loc xlink:href="http://xbrl.fasb.org/us-gaap/2016/elts/us-gaap-2016-01-31.xsd#us-gaap_IncreaseDecreaseInInventories" xlink:label="loc_us-gaap_IncreaseDecreaseInInventories_bae7c33e-3fd3-413e-0f2e-aaa9daaa49d7" xlink:type="locator" />
    <calculationArc order="9" weight="-1" xlink:arcrole="http://www.xbrl.org/2003/arcrole/summation-item" xlink:from="loc_us-gaap_NetCashProvidedByUsedInOperatingActivities_975a3fab-7f49-5162-2cb5-31bb1479931f" xlink:to="loc_us-gaap_IncreaseDecreaseInInventories_bae7c33e-3fd3-413e-0f2e-aaa9daaa49d7" xlink:type="arc" />
    <loc xlink:href="http://xbrl.fasb.org/us-gaap/2016/elts/us-gaap-2016-01-31.xsd#us-gaap_IncreaseDecreaseInOtherCurrentAssets" xlink:label="loc_us-gaap_IncreaseDecreaseInOtherCurrentAssets_71d33c1e-c7fc-97d1-1bc4-a959482e606f" xlink:type="locator" />
    <calculationArc order="10" weight="-1" xlink:arcrole="http://www.xbrl.org/2003/arcrole/summation-item" xlink:from="loc_us-gaap_NetCashProvidedByUsedInOperatingActivities_975a3fab-7f49-5162-2cb5-31bb1479931f" xlink:to="loc_us-gaap_IncreaseDecreaseInOtherCurrentAssets_71d33c1e-c7fc-97d1-1bc4-a959482e606f" xlink:type="arc" />
    <loc xlink:href="http://xbrl.fasb.org/us-gaap/2016/elts/us-gaap-2016-01-31.xsd#us-gaap_IncreaseDecreaseInOtherNoncurrentAssets" xlink:label="loc_us-gaap_IncreaseDecreaseInOtherNoncurrentAssets_7c8a7ed5-e324-f4d1-e0f2-1bef47015198" xlink:type="locator" />
    <calculationArc order="11" weight="-1" xlink:arcrole="http://www.xbrl.org/2003/arcrole/summation-item" xlink:from="loc_us-gaap_NetCashProvidedByUsedInOperatingActivities_975a3fab-7f49-5162-2cb5-31bb1479931f" xlink:to="loc_us-gaap_IncreaseDecreaseInOtherNoncurrentAssets_7c8a7ed5-e324-f4d1-e0f2-1bef47015198" xlink:type="arc" />
    <loc xlink:href="http://xbrl.fasb.org/us-gaap/2016/elts/us-gaap-2016-01-31.xsd#us-gaap_IncreaseDecreaseInAccountsPayable" xlink:label="loc_us-gaap_IncreaseDecreaseInAccountsPayable_503015f3-ea26-0d7a-c655-6d6aff0c5fab" xlink:type="locator" />
    <calculationArc order="12" weight="1" xlink:arcrole="http://www.xbrl.org/2003/arcrole/summation-item" xlink:from="loc_us-gaap_NetCashProvidedByUsedInOperatingActivities_975a3fab-7f49-5162-2cb5-31bb1479931f" xlink:to="loc_us-gaap_IncreaseDecreaseInAccountsPayable_503015f3-ea26-0d7a-c655-6d6aff0c5fab" xlink:type="arc" />
    <loc xlink:href="http://xbrl.fasb.org/us-gaap/2016/elts/us-gaap-2016-01-31.xsd#us-gaap_IncreaseDecreaseInAccruedIncomeTaxesPayable" xlink:label="loc_us-gaap_IncreaseDecreaseInAccruedIncomeTaxesPayable_7141899e-1a56-24a9-9015-497ee51d7b39" xlink:type="locator" />
    <calculationArc order="13" weight="1" xlink:arcrole="http://www.xbrl.org/2003/arcrole/summation-item" xlink:from="loc_us-gaap_NetCashProvidedByUsedInOperatingActivities_975a3fab-7f49-5162-2cb5-31bb1479931f" xlink:to="loc_us-gaap_IncreaseDecreaseInAccruedIncomeTaxesPayable_7141899e-1a56-24a9-9015-497ee51d7b39" xlink:type="arc" />
    <loc xlink:href="http://xbrl.fasb.org/us-gaap/2016/elts/us-gaap-2016-01-31.xsd#us-gaap_IncreaseDecreaseInOtherCurrentLiabilities" xlink:label="loc_us-gaap_IncreaseDecreaseInOtherCurrentLiabilities_071e32b9-2ae1-0fdb-f801-d54af8ad45c0" xlink:type="locator" />
    <calculationArc order="14" weight="1" xlink:arcrole="http://www.xbrl.org/2003/arcrole/summation-item" xlink:from="loc_us-gaap_NetCashProvidedByUsedInOperatingActivities_975a3fab-7f49-5162-2cb5-31bb1479931f" xlink:to="loc_us-gaap_IncreaseDecreaseInOtherCurrentLiabilities_071e32b9-2ae1-0fdb-f801-d54af8ad45c0" xlink:type="arc" />
    <loc xlink:href="http://xbrl.fasb.org/us-gaap/2016/elts/us-gaap-2016-01-31.xsd#us-gaap_IncreaseDecreaseInOtherNoncurrentLiabilities" xlink:label="loc_us-gaap_IncreaseDecreaseInOtherNoncurrentLiabilities_ea2f1c63-e49d-6ee4-286c-9c83476dc9f1" xlink:type="locator" />
    <calculationArc order="15" weight="1" xlink:arcrole="http://www.xbrl.org/2003/arcrole/summation-item" xlink:from="loc_us-gaap_NetCashProvidedByUsedInOperatingActivities_975a3fab-7f49-5162-2cb5-31bb1479931f" xlink:to="loc_us-gaap_IncreaseDecreaseInOtherNoncurrentLiabilities_ea2f1c63-e49d-6ee4-286c-9c83476dc9f1" xlink:type="arc" />
    <loc xlink:href="http://xbrl.fasb.org/us-gaap/2016/elts/us-gaap-2016-01-31.xsd#us-gaap_NetCashProvidedByUsedInInvestingActivities" xlink:label="loc_us-gaap_NetCashProvidedByUsedInInvestingActivities_95f67350-d3ec-5d41-e3b2-a4fe7a19e15b" xlink:type="locator" />
    <calculationArc order="2" weight="1" xlink:arcrole="http://www.xbrl.org/2003/arcrole/summation-item" xlink:from="loc_us-gaap_CashAndCashEquivalentsPeriodIncreaseDecrease_104af714-3829-5d79-3fb3-059f86c366da" xlink:to="loc_us-gaap_NetCashProvidedByUsedInInvestingActivities_95f67350-d3ec-5d41-e3b2-a4fe7a19e15b" xlink:type="arc" />
    <loc xlink:href="http://xbrl.fasb.org/us-gaap/2016/elts/us-gaap-2016-01-31.xsd#us-gaap_PaymentsToAcquirePropertyPlantAndEquipment" xlink:label="loc_us-gaap_PaymentsToAcquirePropertyPlantAndEquipment_991d89e2-25f7-1061-f5f8-86acc91f176b" xlink:type="locator" />
    <calculationArc order="1" weight="-1" xlink:arcrole="http://www.xbrl.org/2003/arcrole/summation-item" xlink:from="loc_us-gaap_NetCashProvidedByUsedInInvestingActivities_95f67350-d3ec-5d41-e3b2-a4fe7a19e15b" xlink:to="loc_us-gaap_PaymentsToAcquirePropertyPlantAndEquipment_991d89e2-25f7-1061-f5f8-86acc91f176b" xlink:type="arc" />
    <loc xlink:href="http://xbrl.fasb.org/us-gaap/2016/elts/us-gaap-2016-01-31.xsd#us-gaap_ProceedsFromSaleOfPropertyPlantAndEquipment" xlink:label="loc_us-gaap_ProceedsFromSaleOfPropertyPlantAndEquipment_da5d3613-0426-0efc-e877-f02868c1f6ef" xlink:type="locator" />
    <calculationArc order="2" weight="1" xlink:arcrole="http://www.xbrl.org/2003/arcrole/summation-item" xlink:from="loc_us-gaap_NetCashProvidedByUsedInInvestingActivities_95f67350-d3ec-5d41-e3b2-a4fe7a19e15b" xlink:to="loc_us-gaap_ProceedsFromSaleOfPropertyPlantAndEquipment_da5d3613-0426-0efc-e877-f02868c1f6ef" xlink:type="arc" />
    <loc xlink:href="http://xbrl.fasb.org/us-gaap/2016/elts/us-gaap-2016-01-31.xsd#us-gaap_PaymentsToAcquireAvailableForSaleSecurities" xlink:label="loc_us-gaap_PaymentsToAcquireAvailableForSaleSecurities_c02ad689-0839-347f-dbb5-560ba41e6864" xlink:type="locator" />
    <calculationArc order="3" weight="-1" xlink:arcrole="http://www.xbrl.org/2003/arcrole/summation-item" xlink:from="loc_us-gaap_NetCashProvidedByUsedInInvestingActivities_95f67350-d3ec-5d41-e3b2-a4fe7a19e15b" xlink:to="loc_us-gaap_PaymentsToAcquireAvailableForSaleSecurities_c02ad689-0839-347f-dbb5-560ba41e6864" xlink:type="arc" />
    <loc xlink:href="http://xbrl.fasb.org/us-gaap/2016/elts/us-gaap-2016-01-31.xsd#us-gaap_ProceedsFromSaleAndMaturityOfAvailableForSaleSecurities" xlink:label="loc_us-gaap_ProceedsFromSaleAndMaturityOfAvailableForSaleSecurities_3d4b15de-b1bf-181b-e3f1-91381ce35d3d" xlink:type="locator" />
    <calculationArc order="4" weight="1" xlink:arcrole="http://www.xbrl.org/2003/arcrole/summation-item" xlink:from="loc_us-gaap_NetCashProvidedByUsedInInvestingActivities_95f67350-d3ec-5d41-e3b2-a4fe7a19e15b" xlink:to="loc_us-gaap_ProceedsFromSaleAndMaturityOfAvailableForSaleSecurities_3d4b15de-b1bf-181b-e3f1-91381ce35d3d" xlink:type="arc" />
    <loc xlink:href="http://xbrl.fasb.org/us-gaap/2016/elts/us-gaap-2016-01-31.xsd#us-gaap_NetCashProvidedByUsedInFinancingActivities" xlink:label="loc_us-gaap_NetCashProvidedByUsedInFinancingActivities_08614f0c-c3a2-4c92-7c1d-aed5de18fe70" xlink:type="locator" />
    <calculationArc order="3" weight="1" xlink:arcrole="http://www.xbrl.org/2003/arcrole/summation-item" xlink:from="loc_us-gaap_CashAndCashEquivalentsPeriodIncreaseDecrease_104af714-3829-5d79-3fb3-059f86c366da" xlink:to="loc_us-gaap_NetCashProvidedByUsedInFinancingActivities_08614f0c-c3a2-4c92-7c1d-aed5de18fe70" xlink:type="arc" />
    <loc xlink:href="http://xbrl.fasb.org/us-gaap/2016/elts/us-gaap-2016-01-31.xsd#us-gaap_ProceedsFromShortTermDebt" xlink:label="loc_us-gaap_ProceedsFromShortTermDebt_e7ddcb24-b3e5-0a11-2460-5998d7a8070d" xlink:type="locator" />
    <calculationArc order="1" weight="1" xlink:arcrole="http://www.xbrl.org/2003/arcrole/summation-item" xlink:from="loc_us-gaap_NetCashProvidedByUsedInFinancingActivities_08614f0c-c3a2-4c92-7c1d-aed5de18fe70" xlink:to="loc_us-gaap_ProceedsFromShortTermDebt_e7ddcb24-b3e5-0a11-2460-5998d7a8070d" xlink:type="arc" />
    <loc xlink:href="http://xbrl.fasb.org/us-gaap/2016/elts/us-gaap-2016-01-31.xsd#us-gaap_RepaymentsOfShortTermDebt" xlink:label="loc_us-gaap_RepaymentsOfShortTermDebt_54d643f0-a79e-1f1e-12d8-556a1c54d0b2" xlink:type="locator" />
    <calculationArc order="2" weight="-1" xlink:arcrole="http://www.xbrl.org/2003/arcrole/summation-item" xlink:from="loc_us-gaap_NetCashProvidedByUsedInFinancingActivities_08614f0c-c3a2-4c92-7c1d-aed5de18fe70" xlink:to="loc_us-gaap_RepaymentsOfShortTermDebt_54d643f0-a79e-1f1e-12d8-556a1c54d0b2" xlink:type="arc" />
    <loc xlink:href="http://xbrl.fasb.org/us-gaap/2016/elts/us-gaap-2016-01-31.xsd#us-gaap_PaymentsOfDebtIssuanceCosts" xlink:label="loc_us-gaap_PaymentsOfDebtIssuanceCosts_21041b8b-cf55-3af3-04a5-97303c43edf7" xlink:type="locator" />
    <calculationArc order="3" weight="-1" xlink:arcrole="http://www.xbrl.org/2003/arcrole/summation-item" xlink:from="loc_us-gaap_NetCashProvidedByUsedInFinancingActivities_08614f0c-c3a2-4c92-7c1d-aed5de18fe70" xlink:to="loc_us-gaap_PaymentsOfDebtIssuanceCosts_21041b8b-cf55-3af3-04a5-97303c43edf7" xlink:type="arc" />
    <loc xlink:href="http://xbrl.fasb.org/us-gaap/2016/elts/us-gaap-2016-01-31.xsd#us-gaap_ProceedsFromIssuanceOfSharesUnderIncentiveAndShareBasedCompensationPlansIncludingStockOptions" xlink:label="loc_us-gaap_ProceedsFromIssuanceOfSharesUnderIncentiveAndShareBasedCompensationPlansIncludingStockOptions_c1508a6a-babd-3ec7-9349-b4d44aab4c91" xlink:type="locator" />
    <calculationArc order="4" weight="1" xlink:arcrole="http://www.xbrl.org/2003/arcrole/summation-item" xlink:from="loc_us-gaap_NetCashProvidedByUsedInFinancingActivities_08614f0c-c3a2-4c92-7c1d-aed5de18fe70" xlink:to="loc_us-gaap_ProceedsFromIssuanceOfSharesUnderIncentiveAndShareBasedCompensationPlansIncludingStockOptions_c1508a6a-babd-3ec7-9349-b4d44aab4c91" xlink:type="arc" />
    <loc xlink:href="http://xbrl.fasb.org/us-gaap/2016/elts/us-gaap-2016-01-31.xsd#us-gaap_IncreaseDecreaseInBookOverdrafts" xlink:label="loc_us-gaap_IncreaseDecreaseInBookOverdrafts_6e916af1-4bf6-80e2-3c2d-4affb4461c3d" xlink:type="locator" />
    <calculationArc order="5" weight="1" xlink:arcrole="http://www.xbrl.org/2003/arcrole/summation-item" xlink:from="loc_us-gaap_NetCashProvidedByUsedInFinancingActivities_08614f0c-c3a2-4c92-7c1d-aed5de18fe70" xlink:to="loc_us-gaap_IncreaseDecreaseInBookOverdrafts_6e916af1-4bf6-80e2-3c2d-4affb4461c3d" xlink:type="arc" />
    <loc xlink:href="http://xbrl.fasb.org/us-gaap/2016/elts/us-gaap-2016-01-31.xsd#us-gaap_PaymentsForRepurchaseOfCommonStock" xlink:label="loc_us-gaap_PaymentsForRepurchaseOfCommonStock_fc2ca57d-dc62-7ce6-b2c4-25896bddd1fc" xlink:type="locator" />
    <calculationArc order="6" weight="-1" xlink:arcrole="http://www.xbrl.org/2003/arcrole/summation-item" xlink:from="loc_us-gaap_NetCashProvidedByUsedInFinancingActivities_08614f0c-c3a2-4c92-7c1d-aed5de18fe70" xlink:to="loc_us-gaap_PaymentsForRepurchaseOfCommonStock_fc2ca57d-dc62-7ce6-b2c4-25896bddd1fc" xlink:type="arc" />
    <loc xlink:href="cohr-20160702.xsd#cohr_NetSettlementOfRestrictedCommonStock" xlink:label="loc_cohr_NetSettlementOfRestrictedCommonStock_f026aa7a-3b75-7c39-1580-9f5213bfd235" xlink:type="locator" />
    <calculationArc order="7" weight="-1" xlink:arcrole="http://www.xbrl.org/2003/arcrole/summation-item" xlink:from="loc_us-gaap_NetCashProvidedByUsedInFinancingActivities_08614f0c-c3a2-4c92-7c1d-aed5de18fe70" xlink:to="loc_cohr_NetSettlementOfRestrictedCommonStock_f026aa7a-3b75-7c39-1580-9f5213bfd235" xlink:type="arc" />
    <loc xlink:href="http://xbrl.fasb.org/us-gaap/2016/elts/us-gaap-2016-01-31.xsd#us-gaap_EffectOfExchangeRateOnCashAndCashEquivalents" xlink:label="loc_us-gaap_EffectOfExchangeRateOnCashAndCashEquivalents_9f72449f-62f6-71b1-0128-c7088f4f3527" xlink:type="locator" />
    <calculationArc order="4" weight="1" xlink:arcrole="http://www.xbrl.org/2003/arcrole/summation-item" xlink:from="loc_us-gaap_CashAndCashEquivalentsPeriodIncreaseDecrease_104af714-3829-5d79-3fb3-059f86c366da" xlink:to="loc_us-gaap_EffectOfExchangeRateOnCashAndCashEquivalents_9f72449f-62f6-71b1-0128-c7088f4f3527" xlink:type="arc" />
  </calculationLink>
  <calculationLink xlink:role="http://www.coherent.com/role/CondensedConsolidatedStatementsOfComprehensiveIncome" xlink:type="extended">
    <loc xlink:href="http://xbrl.fasb.org/us-gaap/2016/elts/us-gaap-2016-01-31.xsd#us-gaap_ComprehensiveIncomeNetOfTax" xlink:label="loc_us-gaap_ComprehensiveIncomeNetOfTax_663a641c-b103-1e10-d3ec-c078ec7a031b" xlink:type="locator" />
    <loc xlink:href="http://xbrl.fasb.org/us-gaap/2016/elts/us-gaap-2016-01-31.xsd#us-gaap_NetIncomeLoss" xlink:label="loc_us-gaap_NetIncomeLoss_8baf87d5-5f2f-7d0d-cb85-b9f249bae0c5" xlink:type="locator" />
    <calculationArc order="1" weight="1" xlink:arcrole="http://www.xbrl.org/2003/arcrole/summation-item" xlink:from="loc_us-gaap_ComprehensiveIncomeNetOfTax_663a641c-b103-1e10-d3ec-c078ec7a031b" xlink:to="loc_us-gaap_NetIncomeLoss_8baf87d5-5f2f-7d0d-cb85-b9f249bae0c5" xlink:type="arc" />
    <loc xlink:href="http://xbrl.fasb.org/us-gaap/2016/elts/us-gaap-2016-01-31.xsd#us-gaap_OtherComprehensiveIncomeLossNetOfTax" xlink:label="loc_us-gaap_OtherComprehensiveIncomeLossNetOfTax_369c90d1-6da1-8050-c604-fad527301a92" xlink:type="locator" />
    <calculationArc order="2" weight="1" xlink:arcrole="http://www.xbrl.org/2003/arcrole/summation-item" xlink:from="loc_us-gaap_ComprehensiveIncomeNetOfTax_663a641c-b103-1e10-d3ec-c078ec7a031b" xlink:to="loc_us-gaap_OtherComprehensiveIncomeLossNetOfTax_369c90d1-6da1-8050-c604-fad527301a92" xlink:type="arc" />
    <loc xlink:href="http://xbrl.fasb.org/us-gaap/2016/elts/us-gaap-2016-01-31.xsd#us-gaap_OtherComprehensiveIncomeLossForeignCurrencyTransactionAndTranslationAdjustmentNetOfTax" xlink:label="loc_us-gaap_OtherComprehensiveIncomeLossForeignCurrencyTransactionAndTranslationAdjustmentNetOfTax_7263cb18-5b58-9955-8575-e8eaa5dac989" xlink:type="locator" />
    <calculationArc order="1" weight="1" xlink:arcrole="http://www.xbrl.org/2003/arcrole/summation-item" xlink:from="loc_us-gaap_OtherComprehensiveIncomeLossNetOfTax_369c90d1-6da1-8050-c604-fad527301a92" xlink:to="loc_us-gaap_OtherComprehensiveIncomeLossForeignCurrencyTransactionAndTranslationAdjustmentNetOfTax_7263cb18-5b58-9955-8575-e8eaa5dac989" xlink:type="arc" />
    <loc xlink:href="http://xbrl.fasb.org/us-gaap/2016/elts/us-gaap-2016-01-31.xsd#us-gaap_OtherComprehensiveIncomeUnrealizedGainLossOnDerivativesArisingDuringPeriodBeforeTax" xlink:label="loc_us-gaap_OtherComprehensiveIncomeUnrealizedGainLossOnDerivativesArisingDuringPeriodBeforeTax_993cb7f4-08a4-ae0c-2079-6e424203bfd0" xlink:type="locator" />
    <calculationArc order="2" weight="1" xlink:arcrole="http://www.xbrl.org/2003/arcrole/summation-item" xlink:from="loc_us-gaap_OtherComprehensiveIncomeLossNetOfTax_369c90d1-6da1-8050-c604-fad527301a92" xlink:to="loc_us-gaap_OtherComprehensiveIncomeUnrealizedGainLossOnDerivativesArisingDuringPeriodBeforeTax_993cb7f4-08a4-ae0c-2079-6e424203bfd0" xlink:type="arc" />
    <loc xlink:href="http://xbrl.fasb.org/us-gaap/2016/elts/us-gaap-2016-01-31.xsd#us-gaap_OtherComprehensiveIncomeUnrealizedHoldingGainLossOnSecuritiesArisingDuringPeriodNetOfTax" xlink:label="loc_us-gaap_OtherComprehensiveIncomeUnrealizedHoldingGainLossOnSecuritiesArisingDuringPeriodNetOfTax_045a7791-44b8-d416-a735-af6ac83e7eb3" xlink:type="locator" />
    <calculationArc order="3" weight="1" xlink:arcrole="http://www.xbrl.org/2003/arcrole/summation-item" xlink:from="loc_us-gaap_OtherComprehensiveIncomeLossNetOfTax_369c90d1-6da1-8050-c604-fad527301a92" xlink:to="loc_us-gaap_OtherComprehensiveIncomeUnrealizedHoldingGainLossOnSecuritiesArisingDuringPeriodNetOfTax_045a7791-44b8-d416-a735-af6ac83e7eb3" xlink:type="arc" />
  </calculationLink>
  <calculationLink xlink:role="http://www.coherent.com/role/CondensedConsolidatedStatementsOfOperations" xlink:type="extended">
    <loc xlink:href="http://xbrl.fasb.org/us-gaap/2016/elts/us-gaap-2016-01-31.xsd#us-gaap_NetIncomeLoss" xlink:label="loc_us-gaap_NetIncomeLoss_8baf87d5-5f2f-7d0d-cb85-b9f249bae0c5" xlink:type="locator" />
    <loc xlink:href="http://xbrl.fasb.org/us-gaap/2016/elts/us-gaap-2016-01-31.xsd#us-gaap_IncomeLossFromContinuingOperationsBeforeIncomeTaxesMinorityInterestAndIncomeLossFromEquityMethodInvestments" xlink:label="loc_us-gaap_IncomeLossFromContinuingOperationsBeforeIncomeTaxesMinorityInterestAndIncomeLossFromEquityMethodInvestments_5ba85eae-c4c2-72cc-f9e5-b0edc41783e5" xlink:type="locator" />
    <calculationArc order="1" weight="1" xlink:arcrole="http://www.xbrl.org/2003/arcrole/summation-item" xlink:from="loc_us-gaap_NetIncomeLoss_8baf87d5-5f2f-7d0d-cb85-b9f249bae0c5" xlink:to="loc_us-gaap_IncomeLossFromContinuingOperationsBeforeIncomeTaxesMinorityInterestAndIncomeLossFromEquityMethodInvestments_5ba85eae-c4c2-72cc-f9e5-b0edc41783e5" xlink:type="arc" />
    <loc xlink:href="http://xbrl.fasb.org/us-gaap/2016/elts/us-gaap-2016-01-31.xsd#us-gaap_IncomeLossFromContinuingOperations" xlink:label="loc_us-gaap_IncomeLossFromContinuingOperations_ad8bf556-b7c8-7821-188c-b2f20d2a1601" xlink:type="locator" />
    <calculationArc order="1" weight="1" xlink:arcrole="http://www.xbrl.org/2003/arcrole/summation-item" xlink:from="loc_us-gaap_IncomeLossFromContinuingOperationsBeforeIncomeTaxesMinorityInterestAndIncomeLossFromEquityMethodInvestments_5ba85eae-c4c2-72cc-f9e5-b0edc41783e5" xlink:to="loc_us-gaap_IncomeLossFromContinuingOperations_ad8bf556-b7c8-7821-188c-b2f20d2a1601" xlink:type="arc" />
    <loc xlink:href="http://xbrl.fasb.org/us-gaap/2016/elts/us-gaap-2016-01-31.xsd#us-gaap_GrossProfit" xlink:label="loc_us-gaap_GrossProfit_1fd2c3b5-12a4-0f06-9816-c6d97d4ac6df" xlink:type="locator" />
    <calculationArc order="1" weight="1" xlink:arcrole="http://www.xbrl.org/2003/arcrole/summation-item" xlink:from="loc_us-gaap_IncomeLossFromContinuingOperations_ad8bf556-b7c8-7821-188c-b2f20d2a1601" xlink:to="loc_us-gaap_GrossProfit_1fd2c3b5-12a4-0f06-9816-c6d97d4ac6df" xlink:type="arc" />
    <loc xlink:href="http://xbrl.fasb.org/us-gaap/2016/elts/us-gaap-2016-01-31.xsd#us-gaap_SalesRevenueNet" xlink:label="loc_us-gaap_SalesRevenueNet_f7eb5dbc-6802-ae51-de6b-9a44f4241080" xlink:type="locator" />
    <calculationArc order="1" weight="1" xlink:arcrole="http://www.xbrl.org/2003/arcrole/summation-item" xlink:from="loc_us-gaap_GrossProfit_1fd2c3b5-12a4-0f06-9816-c6d97d4ac6df" xlink:to="loc_us-gaap_SalesRevenueNet_f7eb5dbc-6802-ae51-de6b-9a44f4241080" xlink:type="arc" />
    <loc xlink:href="http://xbrl.fasb.org/us-gaap/2016/elts/us-gaap-2016-01-31.xsd#us-gaap_CostOfRevenue" xlink:label="loc_us-gaap_CostOfRevenue_5a47dae5-ba55-9292-41d8-64f380f46a8c" xlink:type="locator" />
    <calculationArc order="2" weight="-1" xlink:arcrole="http://www.xbrl.org/2003/arcrole/summation-item" xlink:from="loc_us-gaap_GrossProfit_1fd2c3b5-12a4-0f06-9816-c6d97d4ac6df" xlink:to="loc_us-gaap_CostOfRevenue_5a47dae5-ba55-9292-41d8-64f380f46a8c" xlink:type="arc" />
    <loc xlink:href="http://xbrl.fasb.org/us-gaap/2016/elts/us-gaap-2016-01-31.xsd#us-gaap_OperatingExpenses" xlink:label="loc_us-gaap_OperatingExpenses_8018a1c5-8b31-881d-1f35-ba7ca791bffa" xlink:type="locator" />
    <calculationArc order="2" weight="-1" xlink:arcrole="http://www.xbrl.org/2003/arcrole/summation-item" xlink:from="loc_us-gaap_IncomeLossFromContinuingOperations_ad8bf556-b7c8-7821-188c-b2f20d2a1601" xlink:to="loc_us-gaap_OperatingExpenses_8018a1c5-8b31-881d-1f35-ba7ca791bffa" xlink:type="arc" />
    <loc xlink:href="http://xbrl.fasb.org/us-gaap/2016/elts/us-gaap-2016-01-31.xsd#us-gaap_ResearchAndDevelopmentExpense" xlink:label="loc_us-gaap_ResearchAndDevelopmentExpense_61ca427c-a8f7-736f-ff6b-927d826fc7fa" xlink:type="locator" />
    <calculationArc order="1" weight="1" xlink:arcrole="http://www.xbrl.org/2003/arcrole/summation-item" xlink:from="loc_us-gaap_OperatingExpenses_8018a1c5-8b31-881d-1f35-ba7ca791bffa" xlink:to="loc_us-gaap_ResearchAndDevelopmentExpense_61ca427c-a8f7-736f-ff6b-927d826fc7fa" xlink:type="arc" />
    <loc xlink:href="http://xbrl.fasb.org/us-gaap/2016/elts/us-gaap-2016-01-31.xsd#us-gaap_SellingGeneralAndAdministrativeExpense" xlink:label="loc_us-gaap_SellingGeneralAndAdministrativeExpense_33158828-aa18-5ead-beab-c284c08cb606" xlink:type="locator" />
    <calculationArc order="2" weight="1" xlink:arcrole="http://www.xbrl.org/2003/arcrole/summation-item" xlink:from="loc_us-gaap_OperatingExpenses_8018a1c5-8b31-881d-1f35-ba7ca791bffa" xlink:to="loc_us-gaap_SellingGeneralAndAdministrativeExpense_33158828-aa18-5ead-beab-c284c08cb606" xlink:type="arc" />
    <loc xlink:href="http://xbrl.fasb.org/us-gaap/2016/elts/us-gaap-2016-01-31.xsd#us-gaap_EquityMethodInvestmentOtherThanTemporaryImpairment" xlink:label="loc_us-gaap_EquityMethodInvestmentOtherThanTemporaryImpairment_b9f9f5b7-5db3-fc96-e1d6-48df9dc137e9" xlink:type="locator" />
    <calculationArc order="3" weight="1" xlink:arcrole="http://www.xbrl.org/2003/arcrole/summation-item" xlink:from="loc_us-gaap_OperatingExpenses_8018a1c5-8b31-881d-1f35-ba7ca791bffa" xlink:to="loc_us-gaap_EquityMethodInvestmentOtherThanTemporaryImpairment_b9f9f5b7-5db3-fc96-e1d6-48df9dc137e9" xlink:type="arc" />
    <loc xlink:href="cohr-20160702.xsd#cohr_Amortizationnetofcostofsales" xlink:label="loc_cohr_Amortizationnetofcostofsales_cf4f66bc-f1cb-df2d-bf86-9f5213b43b5f" xlink:type="locator" />
    <calculationArc order="4" weight="1" xlink:arcrole="http://www.xbrl.org/2003/arcrole/summation-item" xlink:from="loc_us-gaap_OperatingExpenses_8018a1c5-8b31-881d-1f35-ba7ca791bffa" xlink:to="loc_cohr_Amortizationnetofcostofsales_cf4f66bc-f1cb-df2d-bf86-9f5213b43b5f" xlink:type="arc" />
    <loc xlink:href="http://xbrl.fasb.org/us-gaap/2016/elts/us-gaap-2016-01-31.xsd#us-gaap_NonoperatingIncomeExpense" xlink:label="loc_us-gaap_NonoperatingIncomeExpense_9fa8ee46-9d2e-0b63-b65e-c559fb6868a2" xlink:type="locator" />
    <calculationArc order="2" weight="1" xlink:arcrole="http://www.xbrl.org/2003/arcrole/summation-item" xlink:from="loc_us-gaap_IncomeLossFromContinuingOperationsBeforeIncomeTaxesMinorityInterestAndIncomeLossFromEquityMethodInvestments_5ba85eae-c4c2-72cc-f9e5-b0edc41783e5" xlink:to="loc_us-gaap_NonoperatingIncomeExpense_9fa8ee46-9d2e-0b63-b65e-c559fb6868a2" xlink:type="arc" />
    <loc xlink:href="http://xbrl.fasb.org/us-gaap/2016/elts/us-gaap-2016-01-31.xsd#us-gaap_InvestmentIncomeNonoperating" xlink:label="loc_us-gaap_InvestmentIncomeNonoperating_e2a5a301-3613-5c19-2162-dbc30a68ed08" xlink:type="locator" />
    <calculationArc order="1" weight="1" xlink:arcrole="http://www.xbrl.org/2003/arcrole/summation-item" xlink:from="loc_us-gaap_NonoperatingIncomeExpense_9fa8ee46-9d2e-0b63-b65e-c559fb6868a2" xlink:to="loc_us-gaap_InvestmentIncomeNonoperating_e2a5a301-3613-5c19-2162-dbc30a68ed08" xlink:type="arc" />
    <loc xlink:href="http://xbrl.fasb.org/us-gaap/2016/elts/us-gaap-2016-01-31.xsd#us-gaap_InterestExpense" xlink:label="loc_us-gaap_InterestExpense_4b6ddf50-6253-3349-fa29-8fc77f744f58" xlink:type="locator" />
    <calculationArc order="2" weight="-1" xlink:arcrole="http://www.xbrl.org/2003/arcrole/summation-item" xlink:from="loc_us-gaap_NonoperatingIncomeExpense_9fa8ee46-9d2e-0b63-b65e-c559fb6868a2" xlink:to="loc_us-gaap_InterestExpense_4b6ddf50-6253-3349-fa29-8fc77f744f58" xlink:type="arc" />
    <loc xlink:href="http://xbrl.fasb.org/us-gaap/2016/elts/us-gaap-2016-01-31.xsd#us-gaap_OtherNonoperatingIncomeExpense" xlink:label="loc_us-gaap_OtherNonoperatingIncomeExpense_b936f21a-1a1f-465e-d82c-5e014c9c5399" xlink:type="locator" />
    <calculationArc order="3" weight="1" xlink:arcrole="http://www.xbrl.org/2003/arcrole/summation-item" xlink:from="loc_us-gaap_NonoperatingIncomeExpense_9fa8ee46-9d2e-0b63-b65e-c559fb6868a2" xlink:to="loc_us-gaap_OtherNonoperatingIncomeExpense_b936f21a-1a1f-465e-d82c-5e014c9c5399" xlink:type="arc" />
    <loc xlink:href="http://xbrl.fasb.org/us-gaap/2016/elts/us-gaap-2016-01-31.xsd#us-gaap_IncomeTaxExpenseBenefit" xlink:label="loc_us-gaap_IncomeTaxExpenseBenefit_9b166675-b7b2-1067-1806-03b1ee0126f1" xlink:type="locator" />
    <calculationArc order="2" weight="-1" xlink:arcrole="http://www.xbrl.org/2003/arcrole/summation-item" xlink:from="loc_us-gaap_NetIncomeLoss_8baf87d5-5f2f-7d0d-cb85-b9f249bae0c5" xlink:to="loc_us-gaap_IncomeTaxExpenseBenefit_9b166675-b7b2-1067-1806-03b1ee0126f1" xlink:type="arc" />
  </calculationLink>
  <calculationLink xlink:role="http://www.coherent.com/role/DerivativeInstrumentsAndHedgingActivities" xlink:type="extended" />
  <calculationLink xlink:role="http://www.coherent.com/role/DerivativeInstrumentsAndHedgingActivitiesDerivativeInstrumentsGainLossDetails" xlink:type="extended" />
  <calculationLink xlink:role="http://www.coherent.com/role/DerivativeInstrumentsAndHedgingActivitiesNotionalAndFairValueDetails" xlink:type="extended" />
  <calculationLink xlink:role="http://www.coherent.com/role/DerivativeInstrumentsAndHedgingActivitiesOffsetLiabilitiesDetails" xlink:type="extended">
    <loc xlink:href="cohr-20160702.xsd#cohr_Derivativeliabilitiesnetamount" xlink:label="loc_cohr_Derivativeliabilitiesnetamount_69ab01f3-c120-9da2-912e-9f5213c609d4" xlink:type="locator" />
    <loc xlink:href="http://xbrl.fasb.org/us-gaap/2016/elts/us-gaap-2016-01-31.xsd#us-gaap_DerivativeFairValueOfDerivativeLiabilityAmountNotOffsetAgainstCollateral" xlink:label="loc_us-gaap_DerivativeFairValueOfDerivativeLiabilityAmountNotOffsetAgainstCollateral_4fa2bbb6-3c3a-0413-a334-48d52038dfa8" xlink:type="locator" />
    <calculationArc order="1" weight="1" xlink:arcrole="http://www.xbrl.org/2003/arcrole/summation-item" xlink:from="loc_cohr_Derivativeliabilitiesnetamount_69ab01f3-c120-9da2-912e-9f5213c609d4" xlink:to="loc_us-gaap_DerivativeFairValueOfDerivativeLiabilityAmountNotOffsetAgainstCollateral_4fa2bbb6-3c3a-0413-a334-48d52038dfa8" xlink:type="arc" />
    <loc xlink:href="http://xbrl.fasb.org/us-gaap/2016/elts/us-gaap-2016-01-31.xsd#us-gaap_DerivativeFairValueOfDerivativeLiability" xlink:label="loc_us-gaap_DerivativeFairValueOfDerivativeLiability_c7b0e6af-6a12-b105-2632-f06c1fca86ea" xlink:type="locator" />
    <calculationArc order="1" weight="1" xlink:arcrole="http://www.xbrl.org/2003/arcrole/summation-item" xlink:from="loc_us-gaap_DerivativeFairValueOfDerivativeLiabilityAmountNotOffsetAgainstCollateral_4fa2bbb6-3c3a-0413-a334-48d52038dfa8" xlink:to="loc_us-gaap_DerivativeFairValueOfDerivativeLiability_c7b0e6af-6a12-b105-2632-f06c1fca86ea" xlink:type="arc" />
    <loc xlink:href="http://xbrl.fasb.org/us-gaap/2016/elts/us-gaap-2016-01-31.xsd#us-gaap_DerivativeFairValueOfDerivativeAsset" xlink:label="loc_us-gaap_DerivativeFairValueOfDerivativeAsset_822f8ba2-b243-2634-fc8e-3f754121605a" xlink:type="locator" />
    <calculationArc order="2" weight="-1" xlink:arcrole="http://www.xbrl.org/2003/arcrole/summation-item" xlink:from="loc_us-gaap_DerivativeFairValueOfDerivativeLiabilityAmountNotOffsetAgainstCollateral_4fa2bbb6-3c3a-0413-a334-48d52038dfa8" xlink:to="loc_us-gaap_DerivativeFairValueOfDerivativeAsset_822f8ba2-b243-2634-fc8e-3f754121605a" xlink:type="arc" />
    <loc xlink:href="http://xbrl.fasb.org/us-gaap/2016/elts/us-gaap-2016-01-31.xsd#us-gaap_DerivativeCollateralRightToReclaimSecurities" xlink:label="loc_us-gaap_DerivativeCollateralRightToReclaimSecurities_eee61b2f-c58c-4b2b-0807-139c4c889361" xlink:type="locator" />
    <calculationArc order="2" weight="-1" xlink:arcrole="http://www.xbrl.org/2003/arcrole/summation-item" xlink:from="loc_cohr_Derivativeliabilitiesnetamount_69ab01f3-c120-9da2-912e-9f5213c609d4" xlink:to="loc_us-gaap_DerivativeCollateralRightToReclaimSecurities_eee61b2f-c58c-4b2b-0807-139c4c889361" xlink:type="arc" />
    <loc xlink:href="http://xbrl.fasb.org/us-gaap/2016/elts/us-gaap-2016-01-31.xsd#us-gaap_DerivativeCollateralObligationToReturnCash" xlink:label="loc_us-gaap_DerivativeCollateralObligationToReturnCash_1918ceee-bf06-c6cc-ad5f-f01933582185" xlink:type="locator" />
    <calculationArc order="3" weight="1" xlink:arcrole="http://www.xbrl.org/2003/arcrole/summation-item" xlink:from="loc_cohr_Derivativeliabilitiesnetamount_69ab01f3-c120-9da2-912e-9f5213c609d4" xlink:to="loc_us-gaap_DerivativeCollateralObligationToReturnCash_1918ceee-bf06-c6cc-ad5f-f01933582185" xlink:type="arc" />
  </calculationLink>
  <calculationLink xlink:role="http://www.coherent.com/role/DerivativeInstrumentsAndHedgingActivitiesOffsettingAssetsDetails" xlink:type="extended">
    <loc xlink:href="http://xbrl.fasb.org/us-gaap/2016/elts/us-gaap-2016-01-31.xsd#us-gaap_DerivativeAssetFairValueOffsetAgainstCollateralNetOfNotSubjectToMasterNettingArrangementPolicyElection" xlink:label="loc_us-gaap_DerivativeAssetFairValueOffsetAgainstCollateralNetOfNotSubjectToMasterNettingArrangementPolicyElection_9e0c0a1d-16d3-b3b5-03c1-84e7e06709df" xlink:type="locator" />
    <loc xlink:href="http://xbrl.fasb.org/us-gaap/2016/elts/us-gaap-2016-01-31.xsd#us-gaap_DerivativeFairValueOfDerivativeAssetAmountNotOffsetAgainstCollateral" xlink:label="loc_us-gaap_DerivativeFairValueOfDerivativeAssetAmountNotOffsetAgainstCollateral_3fbc86e1-19f4-bdbf-4c81-d47fea0f5723" xlink:type="locator" />
    <calculationArc order="1" weight="1" xlink:arcrole="http://www.xbrl.org/2003/arcrole/summation-item" xlink:from="loc_us-gaap_DerivativeAssetFairValueOffsetAgainstCollateralNetOfNotSubjectToMasterNettingArrangementPolicyElection_9e0c0a1d-16d3-b3b5-03c1-84e7e06709df" xlink:to="loc_us-gaap_DerivativeFairValueOfDerivativeAssetAmountNotOffsetAgainstCollateral_3fbc86e1-19f4-bdbf-4c81-d47fea0f5723" xlink:type="arc" />
    <loc xlink:href="http://xbrl.fasb.org/us-gaap/2016/elts/us-gaap-2016-01-31.xsd#us-gaap_DerivativeFairValueOfDerivativeAsset" xlink:label="loc_us-gaap_DerivativeFairValueOfDerivativeAsset_822f8ba2-b243-2634-fc8e-3f754121605a" xlink:type="locator" />
    <calculationArc order="1" weight="1" xlink:arcrole="http://www.xbrl.org/2003/arcrole/summation-item" xlink:from="loc_us-gaap_DerivativeFairValueOfDerivativeAssetAmountNotOffsetAgainstCollateral_3fbc86e1-19f4-bdbf-4c81-d47fea0f5723" xlink:to="loc_us-gaap_DerivativeFairValueOfDerivativeAsset_822f8ba2-b243-2634-fc8e-3f754121605a" xlink:type="arc" />
    <loc xlink:href="http://xbrl.fasb.org/us-gaap/2016/elts/us-gaap-2016-01-31.xsd#us-gaap_DerivativeFairValueOfDerivativeLiability" xlink:label="loc_us-gaap_DerivativeFairValueOfDerivativeLiability_c7b0e6af-6a12-b105-2632-f06c1fca86ea" xlink:type="locator" />
    <calculationArc order="2" weight="-1" xlink:arcrole="http://www.xbrl.org/2003/arcrole/summation-item" xlink:from="loc_us-gaap_DerivativeFairValueOfDerivativeAssetAmountNotOffsetAgainstCollateral_3fbc86e1-19f4-bdbf-4c81-d47fea0f5723" xlink:to="loc_us-gaap_DerivativeFairValueOfDerivativeLiability_c7b0e6af-6a12-b105-2632-f06c1fca86ea" xlink:type="arc" />
    <loc xlink:href="http://xbrl.fasb.org/us-gaap/2016/elts/us-gaap-2016-01-31.xsd#us-gaap_DerivativeCollateralObligationToReturnSecurities" xlink:label="loc_us-gaap_DerivativeCollateralObligationToReturnSecurities_9b6ad197-4976-5475-1186-a50846c61b43" xlink:type="locator" />
    <calculationArc order="2" weight="-1" xlink:arcrole="http://www.xbrl.org/2003/arcrole/summation-item" xlink:from="loc_us-gaap_DerivativeAssetFairValueOffsetAgainstCollateralNetOfNotSubjectToMasterNettingArrangementPolicyElection_9e0c0a1d-16d3-b3b5-03c1-84e7e06709df" xlink:to="loc_us-gaap_DerivativeCollateralObligationToReturnSecurities_9b6ad197-4976-5475-1186-a50846c61b43" xlink:type="arc" />
    <loc xlink:href="http://xbrl.fasb.org/us-gaap/2016/elts/us-gaap-2016-01-31.xsd#us-gaap_DerivativeCollateralRightToReclaimCash" xlink:label="loc_us-gaap_DerivativeCollateralRightToReclaimCash_06c4baae-ca21-34f8-c4cf-4febac5f818e" xlink:type="locator" />
    <calculationArc order="3" weight="1" xlink:arcrole="http://www.xbrl.org/2003/arcrole/summation-item" xlink:from="loc_us-gaap_DerivativeAssetFairValueOffsetAgainstCollateralNetOfNotSubjectToMasterNettingArrangementPolicyElection_9e0c0a1d-16d3-b3b5-03c1-84e7e06709df" xlink:to="loc_us-gaap_DerivativeCollateralRightToReclaimCash_06c4baae-ca21-34f8-c4cf-4febac5f818e" xlink:type="arc" />
  </calculationLink>
  <calculationLink xlink:role="http://www.coherent.com/role/DerivativeInstrumentsAndHedgingActivitiesTables" xlink:type="extended" />
  <calculationLink xlink:role="http://www.coherent.com/role/DocumentAndEntityInformation" xlink:type="extended" />
  <calculationLink xlink:role="http://www.coherent.com/role/EarningsPerShare" xlink:type="extended" />
  <calculationLink xlink:role="http://www.coherent.com/role/EarningsPerShareDetails" xlink:type="extended">
    <loc xlink:href="http://xbrl.fasb.org/us-gaap/2016/elts/us-gaap-2016-01-31.xsd#us-gaap_WeightedAverageNumberOfDilutedSharesOutstanding" xlink:label="loc_us-gaap_WeightedAverageNumberOfDilutedSharesOutstanding_ae404dc0-76bc-cd1d-811f-e233c07e0569" xlink:type="locator" />
    <loc xlink:href="http://xbrl.fasb.org/us-gaap/2016/elts/us-gaap-2016-01-31.xsd#us-gaap_WeightedAverageNumberOfSharesOutstandingBasic" xlink:label="loc_us-gaap_WeightedAverageNumberOfSharesOutstandingBasic_e841a58a-f12e-0adc-36de-0299a43719a9" xlink:type="locator" />
    <calculationArc order="1" weight="1" xlink:arcrole="http://www.xbrl.org/2003/arcrole/summation-item" xlink:from="loc_us-gaap_WeightedAverageNumberOfDilutedSharesOutstanding_ae404dc0-76bc-cd1d-811f-e233c07e0569" xlink:to="loc_us-gaap_WeightedAverageNumberOfSharesOutstandingBasic_e841a58a-f12e-0adc-36de-0299a43719a9" xlink:type="arc" />
    <loc xlink:href="http://xbrl.fasb.org/us-gaap/2016/elts/us-gaap-2016-01-31.xsd#us-gaap_IncrementalCommonSharesAttributableToShareBasedPaymentArrangements" xlink:label="loc_us-gaap_IncrementalCommonSharesAttributableToShareBasedPaymentArrangements_9dba38ce-5067-b4c4-09f7-0cf74e4693de" xlink:type="locator" />
    <calculationArc order="2" weight="1" xlink:arcrole="http://www.xbrl.org/2003/arcrole/summation-item" xlink:from="loc_us-gaap_WeightedAverageNumberOfDilutedSharesOutstanding_ae404dc0-76bc-cd1d-811f-e233c07e0569" xlink:to="loc_us-gaap_IncrementalCommonSharesAttributableToShareBasedPaymentArrangements_9dba38ce-5067-b4c4-09f7-0cf74e4693de" xlink:type="arc" />
  </calculationLink>
  <calculationLink xlink:role="http://www.coherent.com/role/EarningsPerShareTables" xlink:type="extended" />
  <calculationLink xlink:role="http://www.coherent.com/role/FairValues" xlink:type="extended" />
  <calculationLink xlink:role="http://www.coherent.com/role/FairValuesDetails" xlink:type="extended" />
  <calculationLink xlink:role="http://www.coherent.com/role/FairValuesTables" xlink:type="extended" />
  <calculationLink xlink:role="http://www.coherent.com/role/GoodwillAndIntangibleAssets" xlink:type="extended" />
  <calculationLink xlink:role="http://www.coherent.com/role/GoodwillAndIntangibleAssetsGoodwillDetails" xlink:type="extended" />
  <calculationLink xlink:role="http://www.coherent.com/role/GoodwillAndIntangibleAssetsIntangibleAssetsDetails" xlink:type="extended">
    <loc xlink:href="http://xbrl.fasb.org/us-gaap/2016/elts/us-gaap-2016-01-31.xsd#us-gaap_FiniteLivedIntangibleAssetsNet" xlink:label="loc_us-gaap_FiniteLivedIntangibleAssetsNet_70724be1-cf82-e50d-0cc7-fa6194f78b70" xlink:type="locator" />
    <loc xlink:href="http://xbrl.fasb.org/us-gaap/2016/elts/us-gaap-2016-01-31.xsd#us-gaap_FiniteLivedIntangibleAssetsAmortizationExpenseRemainderOfFiscalYear" xlink:label="loc_us-gaap_FiniteLivedIntangibleAssetsAmortizationExpenseRemainderOfFiscalYear_441e5869-bd08-8d9f-f5d3-2febc2ab5a6e" xlink:type="locator" />
    <calculationArc order="1" weight="1" xlink:arcrole="http://www.xbrl.org/2003/arcrole/summation-item" xlink:from="loc_us-gaap_FiniteLivedIntangibleAssetsNet_70724be1-cf82-e50d-0cc7-fa6194f78b70" xlink:to="loc_us-gaap_FiniteLivedIntangibleAssetsAmortizationExpenseRemainderOfFiscalYear_441e5869-bd08-8d9f-f5d3-2febc2ab5a6e" xlink:type="arc" />
    <loc xlink:href="http://xbrl.fasb.org/us-gaap/2016/elts/us-gaap-2016-01-31.xsd#us-gaap_FiniteLivedIntangibleAssetsAmortizationExpenseNextTwelveMonths" xlink:label="loc_us-gaap_FiniteLivedIntangibleAssetsAmortizationExpenseNextTwelveMonths_41b443af-a326-4272-6fa8-602f7260ec05" xlink:type="locator" />
    <calculationArc order="2" weight="1" xlink:arcrole="http://www.xbrl.org/2003/arcrole/summation-item" xlink:from="loc_us-gaap_FiniteLivedIntangibleAssetsNet_70724be1-cf82-e50d-0cc7-fa6194f78b70" xlink:to="loc_us-gaap_FiniteLivedIntangibleAssetsAmortizationExpenseNextTwelveMonths_41b443af-a326-4272-6fa8-602f7260ec05" xlink:type="arc" />
    <loc xlink:href="http://xbrl.fasb.org/us-gaap/2016/elts/us-gaap-2016-01-31.xsd#us-gaap_FiniteLivedIntangibleAssetsAmortizationExpenseYearTwo" xlink:label="loc_us-gaap_FiniteLivedIntangibleAssetsAmortizationExpenseYearTwo_36b3b152-325b-61f4-d066-1d3685b6c394" xlink:type="locator" />
    <calculationArc order="3" weight="1" xlink:arcrole="http://www.xbrl.org/2003/arcrole/summation-item" xlink:from="loc_us-gaap_FiniteLivedIntangibleAssetsNet_70724be1-cf82-e50d-0cc7-fa6194f78b70" xlink:to="loc_us-gaap_FiniteLivedIntangibleAssetsAmortizationExpenseYearTwo_36b3b152-325b-61f4-d066-1d3685b6c394" xlink:type="arc" />
    <loc xlink:href="http://xbrl.fasb.org/us-gaap/2016/elts/us-gaap-2016-01-31.xsd#us-gaap_FiniteLivedIntangibleAssetsAmortizationExpenseYearThree" xlink:label="loc_us-gaap_FiniteLivedIntangibleAssetsAmortizationExpenseYearThree_10c80460-5b5e-7e81-facb-0d1ed91293c2" xlink:type="locator" />
    <calculationArc order="4" weight="1" xlink:arcrole="http://www.xbrl.org/2003/arcrole/summation-item" xlink:from="loc_us-gaap_FiniteLivedIntangibleAssetsNet_70724be1-cf82-e50d-0cc7-fa6194f78b70" xlink:to="loc_us-gaap_FiniteLivedIntangibleAssetsAmortizationExpenseYearThree_10c80460-5b5e-7e81-facb-0d1ed91293c2" xlink:type="arc" />
    <loc xlink:href="http://xbrl.fasb.org/us-gaap/2016/elts/us-gaap-2016-01-31.xsd#us-gaap_FiniteLivedIntangibleAssetsAmortizationExpenseYearFour" xlink:label="loc_us-gaap_FiniteLivedIntangibleAssetsAmortizationExpenseYearFour_ad66514d-dce4-49aa-3300-d457a5d4216a" xlink:type="locator" />
    <calculationArc order="5" weight="1" xlink:arcrole="http://www.xbrl.org/2003/arcrole/summation-item" xlink:from="loc_us-gaap_FiniteLivedIntangibleAssetsNet_70724be1-cf82-e50d-0cc7-fa6194f78b70" xlink:to="loc_us-gaap_FiniteLivedIntangibleAssetsAmortizationExpenseYearFour_ad66514d-dce4-49aa-3300-d457a5d4216a" xlink:type="arc" />
    <loc xlink:href="http://xbrl.fasb.org/us-gaap/2016/elts/us-gaap-2016-01-31.xsd#us-gaap_FiniteLivedIntangibleAssetsAmortizationExpenseYearFive" xlink:label="loc_us-gaap_FiniteLivedIntangibleAssetsAmortizationExpenseYearFive_df415662-e392-2016-38c7-6c4ddd8a9714" xlink:type="locator" />
    <calculationArc order="6" weight="1" xlink:arcrole="http://www.xbrl.org/2003/arcrole/summation-item" xlink:from="loc_us-gaap_FiniteLivedIntangibleAssetsNet_70724be1-cf82-e50d-0cc7-fa6194f78b70" xlink:to="loc_us-gaap_FiniteLivedIntangibleAssetsAmortizationExpenseYearFive_df415662-e392-2016-38c7-6c4ddd8a9714" xlink:type="arc" />
    <loc xlink:href="http://xbrl.fasb.org/us-gaap/2016/elts/us-gaap-2016-01-31.xsd#us-gaap_FiniteLivedIntangibleAssetsAmortizationExpenseAfterYearFive" xlink:label="loc_us-gaap_FiniteLivedIntangibleAssetsAmortizationExpenseAfterYearFive_e7896482-8d23-a8f9-52eb-54c2c885aa06" xlink:type="locator" />
    <calculationArc order="7" weight="1" xlink:arcrole="http://www.xbrl.org/2003/arcrole/summation-item" xlink:from="loc_us-gaap_FiniteLivedIntangibleAssetsNet_70724be1-cf82-e50d-0cc7-fa6194f78b70" xlink:to="loc_us-gaap_FiniteLivedIntangibleAssetsAmortizationExpenseAfterYearFive_e7896482-8d23-a8f9-52eb-54c2c885aa06" xlink:type="arc" />
  </calculationLink>
  <calculationLink xlink:role="http://www.coherent.com/role/GoodwillAndIntangibleAssetsIntangibleAssetsDetailsCalc2" xlink:type="extended">
    <loc xlink:href="http://xbrl.fasb.org/us-gaap/2016/elts/us-gaap-2016-01-31.xsd#us-gaap_FiniteLivedIntangibleAssetsNet" xlink:label="loc_us-gaap_FiniteLivedIntangibleAssetsNet_2E21BA3DFA018C5682854D3ECC8901B4_70724be1-cf82-e50d-0cc7-fa6194f78b70" xlink:type="locator" />
    <loc xlink:href="http://xbrl.fasb.org/us-gaap/2016/elts/us-gaap-2016-01-31.xsd#us-gaap_FiniteLivedIntangibleAssetsGross" xlink:label="loc_us-gaap_FiniteLivedIntangibleAssetsGross_2E21BA3DFA018C5682854D3ECC8901B4_20da5796-2b47-ef11-689a-589894b52fb4" xlink:type="locator" />
    <calculationArc order="1" weight="1" xlink:arcrole="http://www.xbrl.org/2003/arcrole/summation-item" xlink:from="loc_us-gaap_FiniteLivedIntangibleAssetsNet_2E21BA3DFA018C5682854D3ECC8901B4_70724be1-cf82-e50d-0cc7-fa6194f78b70" xlink:to="loc_us-gaap_FiniteLivedIntangibleAssetsGross_2E21BA3DFA018C5682854D3ECC8901B4_20da5796-2b47-ef11-689a-589894b52fb4" xlink:type="arc" />
    <loc xlink:href="http://xbrl.fasb.org/us-gaap/2016/elts/us-gaap-2016-01-31.xsd#us-gaap_FiniteLivedIntangibleAssetsAccumulatedAmortization" xlink:label="loc_us-gaap_FiniteLivedIntangibleAssetsAccumulatedAmortization_2E21BA3DFA018C5682854D3ECC8901B4_d981c90e-1b35-63c2-c258-b2af7bf5b3e0" xlink:type="locator" />
    <calculationArc order="2" weight="-1" xlink:arcrole="http://www.xbrl.org/2003/arcrole/summation-item" xlink:from="loc_us-gaap_FiniteLivedIntangibleAssetsNet_2E21BA3DFA018C5682854D3ECC8901B4_70724be1-cf82-e50d-0cc7-fa6194f78b70" xlink:to="loc_us-gaap_FiniteLivedIntangibleAssetsAccumulatedAmortization_2E21BA3DFA018C5682854D3ECC8901B4_d981c90e-1b35-63c2-c258-b2af7bf5b3e0" xlink:type="arc" />
  </calculationLink>
  <calculationLink xlink:role="http://www.coherent.com/role/GoodwillAndIntangibleAssetsTables" xlink:type="extended" />
  <calculationLink xlink:role="http://www.coherent.com/role/IncomeTaxes" xlink:type="extended" />
  <calculationLink xlink:role="http://www.coherent.com/role/IncomeTaxesDetails" xlink:type="extended" />
  <calculationLink xlink:role="http://www.coherent.com/role/OtherIncomeExpense" xlink:type="extended" />
  <calculationLink xlink:role="http://www.coherent.com/role/OtherIncomeExpenseDetails" xlink:type="extended" />
  <calculationLink xlink:role="http://www.coherent.com/role/OtherIncomeExpenseTables" xlink:type="extended" />
  <calculationLink xlink:role="http://www.coherent.com/role/RecentAccountingStandards" xlink:type="extended" />
  <calculationLink xlink:role="http://www.coherent.com/role/RecentAccountingStandardsDetails" xlink:type="extended" />
  <calculationLink xlink:role="http://www.coherent.com/role/SegmentInformation" xlink:type="extended" />
  <calculationLink xlink:role="http://www.coherent.com/role/SegmentInformationMajorCustomersDetails" xlink:type="extended" />
  <calculationLink xlink:role="http://www.coherent.com/role/SegmentInformationSalesAndIncomeLossFromOperationsDetails" xlink:type="extended" />
  <calculationLink xlink:role="http://www.coherent.com/role/SegmentInformationTables" xlink:type="extended" />
  <calculationLink xlink:role="http://www.coherent.com/role/ShortTermBorrowings" xlink:type="extended" />
  <calculationLink xlink:role="http://www.coherent.com/role/ShortTermBorrowingsDetails" xlink:type="extended" />
  <calculationLink xlink:role="http://www.coherent.com/role/ShortTermInvestments" xlink:type="extended" />
  <calculationLink xlink:role="http://www.coherent.com/role/ShortTermInvestmentsDetails" xlink:type="extended" />
  <calculationLink xlink:role="http://www.coherent.com/role/ShortTermInvestmentsTables" xlink:type="extended" />
  <calculationLink xlink:role="http://www.coherent.com/role/StockBasedCompensation" xlink:type="extended" />
  <calculationLink xlink:role="http://www.coherent.com/role/StockBasedCompensationFairValueOfStockCompensationDetails" xlink:type="extended" />
  <calculationLink xlink:role="http://www.coherent.com/role/StockBasedCompensationStockCompensationExpenseDetails" xlink:type="extended" />
  <calculationLink xlink:role="http://www.coherent.com/role/StockBasedCompensationStockOptionsAndAwardsActivityDetails" xlink:type="extended" />
  <calculationLink xlink:role="http://www.coherent.com/role/StockBasedCompensationTables" xlink:type="extended" />
  <calculationLink xlink:role="http://www.coherent.com/role/StockRepurchase" xlink:type="extended" />
  <calculationLink xlink:role="http://www.coherent.com/role/StockRepurchaseDetails" xlink:type="extended" />
  <calculationLink xlink:role="http://www.coherent.com/role/SubsequentEventDetails" xlink:type="extended" />
  <calculationLink xlink:role="http://www.coherent.com/role/SubsequentEventNotes" xlink:type="extended" />
</linkbase>
