<?xml version="1.0" encoding="US-ASCII"?>
<!--XBRL Document Created with Wdesk from Workiva-->
<!-- -->
<link:linkbase xsi:schemaLocation="http://www.xbrl.org/2003/linkbase http://www.xbrl.org/2003/xbrl-linkbase-2003-12-31.xsd" xmlns:link="http://www.xbrl.org/2003/linkbase" xmlns:xlink="http://www.w3.org/1999/xlink" xmlns:xsi="http://www.w3.org/2001/XMLSchema-instance">
  <link:roleRef roleURI="http://www.coherent.com/role/BalanceSheetDetails" xlink:href="cohr-20170701.xsd#BalanceSheetDetails" xlink:type="simple" />
  <link:roleRef roleURI="http://www.coherent.com/role/BalanceSheetDetailsDetails" xlink:href="cohr-20170701.xsd#BalanceSheetDetailsDetails" xlink:type="simple" />
  <link:roleRef roleURI="http://www.coherent.com/role/BalanceSheetDetailsTables" xlink:href="cohr-20170701.xsd#BalanceSheetDetailsTables" xlink:type="simple" />
  <link:roleRef roleURI="http://www.coherent.com/role/BasisOfPresentation" xlink:href="cohr-20170701.xsd#BasisOfPresentation" xlink:type="simple" />
  <link:roleRef roleURI="http://www.coherent.com/role/BasisOfPresentationSegmentInfoDetails" xlink:href="cohr-20170701.xsd#BasisOfPresentationSegmentInfoDetails" xlink:type="simple" />
  <link:roleRef roleURI="http://www.coherent.com/role/Borrowings" xlink:href="cohr-20170701.xsd#Borrowings" xlink:type="simple" />
  <link:roleRef roleURI="http://www.coherent.com/role/BorrowingsDebtMaturityTableDetails" xlink:href="cohr-20170701.xsd#BorrowingsDebtMaturityTableDetails" xlink:type="simple" />
  <link:roleRef roleURI="http://www.coherent.com/role/BorrowingsDetails" xlink:href="cohr-20170701.xsd#BorrowingsDetails" xlink:type="simple" />
  <link:roleRef roleURI="http://www.coherent.com/role/BorrowingsLongTermObligationTableDetails" xlink:href="cohr-20170701.xsd#BorrowingsLongTermObligationTableDetails" xlink:type="simple" />
  <link:roleRef roleURI="http://www.coherent.com/role/BorrowingsShortTermBorrowingsTables" xlink:href="cohr-20170701.xsd#BorrowingsShortTermBorrowingsTables" xlink:type="simple" />
  <link:roleRef roleURI="http://www.coherent.com/role/BorrowingsShortTermObligationTableDetails" xlink:href="cohr-20170701.xsd#BorrowingsShortTermObligationTableDetails" xlink:type="simple" />
  <link:roleRef roleURI="http://www.coherent.com/role/BusinessCombinations" xlink:href="cohr-20170701.xsd#BusinessCombinations" xlink:type="simple" />
  <link:roleRef roleURI="http://www.coherent.com/role/BusinessCombinationsBusinessProFormaInformationDetails" xlink:href="cohr-20170701.xsd#BusinessCombinationsBusinessProFormaInformationDetails" xlink:type="simple" />
  <link:roleRef roleURI="http://www.coherent.com/role/BusinessCombinationsRofinAcquisitionDetails" xlink:href="cohr-20170701.xsd#BusinessCombinationsRofinAcquisitionDetails" xlink:type="simple" />
  <link:roleRef roleURI="http://www.coherent.com/role/BusinessCombinationsRofinAcquisitionNarrativeDetails" xlink:href="cohr-20170701.xsd#BusinessCombinationsRofinAcquisitionNarrativeDetails" xlink:type="simple" />
  <link:roleRef roleURI="http://www.coherent.com/role/BusinessCombinationsScheduleOfAssetsAcquiredAndLiabilitiesAssumedDetails" xlink:href="cohr-20170701.xsd#BusinessCombinationsScheduleOfAssetsAcquiredAndLiabilitiesAssumedDetails" xlink:type="simple" />
  <link:roleRef roleURI="http://www.coherent.com/role/BusinessCombinationsTables" xlink:href="cohr-20170701.xsd#BusinessCombinationsTables" xlink:type="simple" />
  <link:roleRef roleURI="http://www.coherent.com/role/CommitmentsAndContingencies" xlink:href="cohr-20170701.xsd#CommitmentsAndContingencies" xlink:type="simple" />
  <link:roleRef roleURI="http://www.coherent.com/role/CommitmentsAndContingenciesEstimatedLiabiltiesDetails" xlink:href="cohr-20170701.xsd#CommitmentsAndContingenciesEstimatedLiabiltiesDetails" xlink:type="simple" />
  <link:roleRef roleURI="http://www.coherent.com/role/CondensedConsolidatedBalanceSheetsParenthetical" xlink:href="cohr-20170701.xsd#CondensedConsolidatedBalanceSheetsParenthetical" xlink:type="simple" />
  <link:roleRef roleURI="http://www.coherent.com/role/CondensedConsolidatedBalanceSheetsUnaudited" xlink:href="cohr-20170701.xsd#CondensedConsolidatedBalanceSheetsUnaudited" xlink:type="simple" />
  <link:roleRef roleURI="http://www.coherent.com/role/CondensedConsolidatedStatementsOfCashFlowsUnaudited" xlink:href="cohr-20170701.xsd#CondensedConsolidatedStatementsOfCashFlowsUnaudited" xlink:type="simple" />
  <link:roleRef roleURI="http://www.coherent.com/role/CondensedConsolidatedStatementsOfComprehensiveIncomeUnaudited" xlink:href="cohr-20170701.xsd#CondensedConsolidatedStatementsOfComprehensiveIncomeUnaudited" xlink:type="simple" />
  <link:roleRef roleURI="http://www.coherent.com/role/CondensedConsolidatedStatementsOfOperationsUnaudited" xlink:href="cohr-20170701.xsd#CondensedConsolidatedStatementsOfOperationsUnaudited" xlink:type="simple" />
  <link:roleRef roleURI="http://www.coherent.com/role/DefinedBenefitPlans" xlink:href="cohr-20170701.xsd#DefinedBenefitPlans" xlink:type="simple" />
  <link:roleRef roleURI="http://www.coherent.com/role/DefinedBenefitPlansDetails" xlink:href="cohr-20170701.xsd#DefinedBenefitPlansDetails" xlink:type="simple" />
  <link:roleRef roleURI="http://www.coherent.com/role/DefinedBenefitPlansTables" xlink:href="cohr-20170701.xsd#DefinedBenefitPlansTables" xlink:type="simple" />
  <link:roleRef roleURI="http://www.coherent.com/role/DerivativeInstrumentsAndHedgingActivities" xlink:href="cohr-20170701.xsd#DerivativeInstrumentsAndHedgingActivities" xlink:type="simple" />
  <link:roleRef roleURI="http://www.coherent.com/role/DerivativeInstrumentsAndHedgingActivitiesDerivativeInstrumentsGainLossDetails" xlink:href="cohr-20170701.xsd#DerivativeInstrumentsAndHedgingActivitiesDerivativeInstrumentsGainLossDetails" xlink:type="simple" />
  <link:roleRef roleURI="http://www.coherent.com/role/DerivativeInstrumentsAndHedgingActivitiesNotionalAndFairValueDetails" xlink:href="cohr-20170701.xsd#DerivativeInstrumentsAndHedgingActivitiesNotionalAndFairValueDetails" xlink:type="simple" />
  <link:roleRef roleURI="http://www.coherent.com/role/DerivativeInstrumentsAndHedgingActivitiesTables" xlink:href="cohr-20170701.xsd#DerivativeInstrumentsAndHedgingActivitiesTables" xlink:type="simple" />
  <link:roleRef roleURI="http://www.coherent.com/role/DiscontinuedOperations" xlink:href="cohr-20170701.xsd#DiscontinuedOperations" xlink:type="simple" />
  <link:roleRef roleURI="http://www.coherent.com/role/DiscontinuedOperationsDiscontinuedOperationIncomeLossNetDetails" xlink:href="cohr-20170701.xsd#DiscontinuedOperationsDiscontinuedOperationIncomeLossNetDetails" xlink:type="simple" />
  <link:roleRef roleURI="http://www.coherent.com/role/DiscontinuedOperationsHeldForSaleCurrentAssetsAndLiabilitiesFromDiscontinuedOperationsDetails" xlink:href="cohr-20170701.xsd#DiscontinuedOperationsHeldForSaleCurrentAssetsAndLiabilitiesFromDiscontinuedOperationsDetails" xlink:type="simple" />
  <link:roleRef roleURI="http://www.coherent.com/role/DiscontinuedOperationsResultsOfOperationsFromDiscontinuedOperationsTables" xlink:href="cohr-20170701.xsd#DiscontinuedOperationsResultsOfOperationsFromDiscontinuedOperationsTables" xlink:type="simple" />
  <link:roleRef roleURI="http://www.coherent.com/role/DocumentAndEntityInformation" xlink:href="cohr-20170701.xsd#DocumentAndEntityInformation" xlink:type="simple" />
  <link:roleRef roleURI="http://www.coherent.com/role/EarningsPerShare" xlink:href="cohr-20170701.xsd#EarningsPerShare" xlink:type="simple" />
  <link:roleRef roleURI="http://www.coherent.com/role/EarningsPerShareDetails" xlink:href="cohr-20170701.xsd#EarningsPerShareDetails" xlink:type="simple" />
  <link:roleRef roleURI="http://www.coherent.com/role/EarningsPerShareTables" xlink:href="cohr-20170701.xsd#EarningsPerShareTables" xlink:type="simple" />
  <link:roleRef roleURI="http://www.coherent.com/role/FairValues" xlink:href="cohr-20170701.xsd#FairValues" xlink:type="simple" />
  <link:roleRef roleURI="http://www.coherent.com/role/FairValuesDetails" xlink:href="cohr-20170701.xsd#FairValuesDetails" xlink:type="simple" />
  <link:roleRef roleURI="http://www.coherent.com/role/FairValuesTables" xlink:href="cohr-20170701.xsd#FairValuesTables" xlink:type="simple" />
  <link:roleRef roleURI="http://www.coherent.com/role/GoodwillAndIntangibleAssets" xlink:href="cohr-20170701.xsd#GoodwillAndIntangibleAssets" xlink:type="simple" />
  <link:roleRef roleURI="http://www.coherent.com/role/GoodwillAndIntangibleAssetsGoodwillDetails" xlink:href="cohr-20170701.xsd#GoodwillAndIntangibleAssetsGoodwillDetails" xlink:type="simple" />
  <link:roleRef roleURI="http://www.coherent.com/role/GoodwillAndIntangibleAssetsIntangibleAssetsDetails" xlink:href="cohr-20170701.xsd#GoodwillAndIntangibleAssetsIntangibleAssetsDetails" xlink:type="simple" />
  <link:roleRef roleURI="http://www.coherent.com/role/GoodwillAndIntangibleAssetsTables" xlink:href="cohr-20170701.xsd#GoodwillAndIntangibleAssetsTables" xlink:type="simple" />
  <link:roleRef roleURI="http://www.coherent.com/role/IncomeTaxes" xlink:href="cohr-20170701.xsd#IncomeTaxes" xlink:type="simple" />
  <link:roleRef roleURI="http://www.coherent.com/role/IncomeTaxesDetails" xlink:href="cohr-20170701.xsd#IncomeTaxesDetails" xlink:type="simple" />
  <link:roleRef roleURI="http://www.coherent.com/role/IncomeTaxesScheduleOfGrossUnrecognizedTaxBenefitsActivitiesDetails" xlink:href="cohr-20170701.xsd#IncomeTaxesScheduleOfGrossUnrecognizedTaxBenefitsActivitiesDetails" xlink:type="simple" />
  <link:roleRef roleURI="http://www.coherent.com/role/IncomeTaxesScheduleOfGrossUnrecognizedTaxBenefitsActivitiesTables" xlink:href="cohr-20170701.xsd#IncomeTaxesScheduleOfGrossUnrecognizedTaxBenefitsActivitiesTables" xlink:type="simple" />
  <link:roleRef roleURI="http://www.coherent.com/role/OtherIncomeExpense" xlink:href="cohr-20170701.xsd#OtherIncomeExpense" xlink:type="simple" />
  <link:roleRef roleURI="http://www.coherent.com/role/OtherIncomeExpenseDetails" xlink:href="cohr-20170701.xsd#OtherIncomeExpenseDetails" xlink:type="simple" />
  <link:roleRef roleURI="http://www.coherent.com/role/OtherIncomeExpenseTables" xlink:href="cohr-20170701.xsd#OtherIncomeExpenseTables" xlink:type="simple" />
  <link:roleRef roleURI="http://www.coherent.com/role/RecentAccountingStandards" xlink:href="cohr-20170701.xsd#RecentAccountingStandards" xlink:type="simple" />
  <link:roleRef roleURI="http://www.coherent.com/role/RecentAccountingStandardsAccountingImpactDetails" xlink:href="cohr-20170701.xsd#RecentAccountingStandardsAccountingImpactDetails" xlink:type="simple" />
  <link:roleRef roleURI="http://www.coherent.com/role/RecentAccountingStandardsPolicies" xlink:href="cohr-20170701.xsd#RecentAccountingStandardsPolicies" xlink:type="simple" />
  <link:roleRef roleURI="http://www.coherent.com/role/RestructuringCharges" xlink:href="cohr-20170701.xsd#RestructuringCharges" xlink:type="simple" />
  <link:roleRef roleURI="http://www.coherent.com/role/RestructuringChargesDetails" xlink:href="cohr-20170701.xsd#RestructuringChargesDetails" xlink:type="simple" />
  <link:roleRef roleURI="http://www.coherent.com/role/RestructuringChargesTables" xlink:href="cohr-20170701.xsd#RestructuringChargesTables" xlink:type="simple" />
  <link:roleRef roleURI="http://www.coherent.com/role/SegmentInformation" xlink:href="cohr-20170701.xsd#SegmentInformation" xlink:type="simple" />
  <link:roleRef roleURI="http://www.coherent.com/role/SegmentInformationMajorCustomersDetails" xlink:href="cohr-20170701.xsd#SegmentInformationMajorCustomersDetails" xlink:type="simple" />
  <link:roleRef roleURI="http://www.coherent.com/role/SegmentInformationSalesAndIncomeLossFromOperationsDetails" xlink:href="cohr-20170701.xsd#SegmentInformationSalesAndIncomeLossFromOperationsDetails" xlink:type="simple" />
  <link:roleRef roleURI="http://www.coherent.com/role/SegmentInformationTables" xlink:href="cohr-20170701.xsd#SegmentInformationTables" xlink:type="simple" />
  <link:roleRef roleURI="http://www.coherent.com/role/ShortTermInvestments" xlink:href="cohr-20170701.xsd#ShortTermInvestments" xlink:type="simple" />
  <link:roleRef roleURI="http://www.coherent.com/role/ShortTermInvestmentsDetails" xlink:href="cohr-20170701.xsd#ShortTermInvestmentsDetails" xlink:type="simple" />
  <link:roleRef roleURI="http://www.coherent.com/role/ShortTermInvestmentsTables" xlink:href="cohr-20170701.xsd#ShortTermInvestmentsTables" xlink:type="simple" />
  <link:roleRef roleURI="http://www.coherent.com/role/StockBasedCompensation" xlink:href="cohr-20170701.xsd#StockBasedCompensation" xlink:type="simple" />
  <link:roleRef roleURI="http://www.coherent.com/role/StockBasedCompensationAcquisitionDetails" xlink:href="cohr-20170701.xsd#StockBasedCompensationAcquisitionDetails" xlink:type="simple" />
  <link:roleRef roleURI="http://www.coherent.com/role/StockBasedCompensationFairValueOfStockCompensationDetails" xlink:href="cohr-20170701.xsd#StockBasedCompensationFairValueOfStockCompensationDetails" xlink:type="simple" />
  <link:roleRef roleURI="http://www.coherent.com/role/StockBasedCompensationStockCompensationExpenseDetails" xlink:href="cohr-20170701.xsd#StockBasedCompensationStockCompensationExpenseDetails" xlink:type="simple" />
  <link:roleRef roleURI="http://www.coherent.com/role/StockBasedCompensationStockOptionsAndAwardsActivityDetails" xlink:href="cohr-20170701.xsd#StockBasedCompensationStockOptionsAndAwardsActivityDetails" xlink:type="simple" />
  <link:roleRef roleURI="http://www.coherent.com/role/StockBasedCompensationTables" xlink:href="cohr-20170701.xsd#StockBasedCompensationTables" xlink:type="simple" />
  <link:roleRef roleURI="http://www.coherent.com/role/SubsequentEventDetails" xlink:href="cohr-20170701.xsd#SubsequentEventDetails" xlink:type="simple" />
  <link:roleRef roleURI="http://www.coherent.com/role/SubsequentEventNotes" xlink:href="cohr-20170701.xsd#SubsequentEventNotes" xlink:type="simple" />
  <link:calculationLink xlink:role="http://www.coherent.com/role/BalanceSheetDetails" xlink:type="extended" />
  <link:calculationLink xlink:role="http://www.coherent.com/role/BalanceSheetDetailsDetails" xlink:type="extended">
    <link:loc xlink:href="http://xbrl.fasb.org/us-gaap/2017/elts/us-gaap-2017-01-31.xsd#us-gaap_OtherLiabilitiesCurrent" xlink:label="loc_us-gaap_OtherLiabilitiesCurrent_b4e6cca3-6c62-3e0a-6782-510b974f1199" xlink:type="locator" />
    <link:loc xlink:href="http://xbrl.fasb.org/us-gaap/2017/elts/us-gaap-2017-01-31.xsd#us-gaap_EmployeeRelatedLiabilitiesCurrent" xlink:label="loc_us-gaap_EmployeeRelatedLiabilitiesCurrent_cf9ed09f-3dd1-4a4b-d3fc-3b0db18c1b40" xlink:type="locator" />
    <link:calculationArc order="1" weight="1" xlink:arcrole="http://www.xbrl.org/2003/arcrole/summation-item" xlink:from="loc_us-gaap_OtherLiabilitiesCurrent_b4e6cca3-6c62-3e0a-6782-510b974f1199" xlink:to="loc_us-gaap_EmployeeRelatedLiabilitiesCurrent_cf9ed09f-3dd1-4a4b-d3fc-3b0db18c1b40" xlink:type="arc" />
    <link:loc xlink:href="http://xbrl.fasb.org/us-gaap/2017/elts/us-gaap-2017-01-31.xsd#us-gaap_OtherAccruedLiabilitiesCurrent" xlink:label="loc_us-gaap_OtherAccruedLiabilitiesCurrent_00b000cf-7f1d-4891-7244-daf9f6335db0" xlink:type="locator" />
    <link:calculationArc order="2" weight="1" xlink:arcrole="http://www.xbrl.org/2003/arcrole/summation-item" xlink:from="loc_us-gaap_OtherLiabilitiesCurrent_b4e6cca3-6c62-3e0a-6782-510b974f1199" xlink:to="loc_us-gaap_OtherAccruedLiabilitiesCurrent_00b000cf-7f1d-4891-7244-daf9f6335db0" xlink:type="arc" />
    <link:loc xlink:href="http://xbrl.fasb.org/us-gaap/2017/elts/us-gaap-2017-01-31.xsd#us-gaap_ProductWarrantyAccrualClassifiedCurrent" xlink:label="loc_us-gaap_ProductWarrantyAccrualClassifiedCurrent_cf568899-4af8-240a-e6cf-960ccd2e6477" xlink:type="locator" />
    <link:calculationArc order="3" weight="1" xlink:arcrole="http://www.xbrl.org/2003/arcrole/summation-item" xlink:from="loc_us-gaap_OtherLiabilitiesCurrent_b4e6cca3-6c62-3e0a-6782-510b974f1199" xlink:to="loc_us-gaap_ProductWarrantyAccrualClassifiedCurrent_cf568899-4af8-240a-e6cf-960ccd2e6477" xlink:type="arc" />
    <link:loc xlink:href="cohr-20170701.xsd#cohr_Currentliabilitiesheldforsalepartofthediscontinuedoperations" xlink:label="loc_cohr_Currentliabilitiesheldforsalepartofthediscontinuedoperations_5c331907-31c1-64f3-c4f0-42d8de7e05aa" xlink:type="locator" />
    <link:calculationArc order="4" weight="1" xlink:arcrole="http://www.xbrl.org/2003/arcrole/summation-item" xlink:from="loc_us-gaap_OtherLiabilitiesCurrent_b4e6cca3-6c62-3e0a-6782-510b974f1199" xlink:to="loc_cohr_Currentliabilitiesheldforsalepartofthediscontinuedoperations_5c331907-31c1-64f3-c4f0-42d8de7e05aa" xlink:type="arc" />
    <link:loc xlink:href="http://xbrl.fasb.org/us-gaap/2017/elts/us-gaap-2017-01-31.xsd#us-gaap_CustomerDepositsCurrent" xlink:label="loc_us-gaap_CustomerDepositsCurrent_ce476672-55cd-838d-bb2a-a93841526e10" xlink:type="locator" />
    <link:calculationArc order="5" weight="1" xlink:arcrole="http://www.xbrl.org/2003/arcrole/summation-item" xlink:from="loc_us-gaap_OtherLiabilitiesCurrent_b4e6cca3-6c62-3e0a-6782-510b974f1199" xlink:to="loc_us-gaap_CustomerDepositsCurrent_ce476672-55cd-838d-bb2a-a93841526e10" xlink:type="arc" />
    <link:loc xlink:href="http://xbrl.fasb.org/us-gaap/2017/elts/us-gaap-2017-01-31.xsd#us-gaap_DeferredRevenueCurrent" xlink:label="loc_us-gaap_DeferredRevenueCurrent_98f473f8-2d19-99d7-6142-37f86ccd14ec" xlink:type="locator" />
    <link:calculationArc order="6" weight="1" xlink:arcrole="http://www.xbrl.org/2003/arcrole/summation-item" xlink:from="loc_us-gaap_OtherLiabilitiesCurrent_b4e6cca3-6c62-3e0a-6782-510b974f1199" xlink:to="loc_us-gaap_DeferredRevenueCurrent_98f473f8-2d19-99d7-6142-37f86ccd14ec" xlink:type="arc" />
    <link:loc xlink:href="http://xbrl.fasb.org/us-gaap/2017/elts/us-gaap-2017-01-31.xsd#us-gaap_InventoryNet" xlink:label="loc_us-gaap_InventoryNet_7eab44cf-1ea1-ca2a-420f-21f7b5343fc3" xlink:type="locator" />
    <link:loc xlink:href="http://xbrl.fasb.org/us-gaap/2017/elts/us-gaap-2017-01-31.xsd#us-gaap_InventoryRawMaterialsAndPurchasedPartsNetOfReserves" xlink:label="loc_us-gaap_InventoryRawMaterialsAndPurchasedPartsNetOfReserves_87f7376c-2252-d305-9af9-9216bed6c446" xlink:type="locator" />
    <link:calculationArc order="1" weight="1" xlink:arcrole="http://www.xbrl.org/2003/arcrole/summation-item" xlink:from="loc_us-gaap_InventoryNet_7eab44cf-1ea1-ca2a-420f-21f7b5343fc3" xlink:to="loc_us-gaap_InventoryRawMaterialsAndPurchasedPartsNetOfReserves_87f7376c-2252-d305-9af9-9216bed6c446" xlink:type="arc" />
    <link:loc xlink:href="http://xbrl.fasb.org/us-gaap/2017/elts/us-gaap-2017-01-31.xsd#us-gaap_InventoryWorkInProcessNetOfReserves" xlink:label="loc_us-gaap_InventoryWorkInProcessNetOfReserves_a3451b87-a72a-9fff-128b-969b95aecb3a" xlink:type="locator" />
    <link:calculationArc order="2" weight="1" xlink:arcrole="http://www.xbrl.org/2003/arcrole/summation-item" xlink:from="loc_us-gaap_InventoryNet_7eab44cf-1ea1-ca2a-420f-21f7b5343fc3" xlink:to="loc_us-gaap_InventoryWorkInProcessNetOfReserves_a3451b87-a72a-9fff-128b-969b95aecb3a" xlink:type="arc" />
    <link:loc xlink:href="http://xbrl.fasb.org/us-gaap/2017/elts/us-gaap-2017-01-31.xsd#us-gaap_InventoryFinishedGoodsNetOfReserves" xlink:label="loc_us-gaap_InventoryFinishedGoodsNetOfReserves_b077ba6e-d590-fd28-6cc4-ab52e924ed70" xlink:type="locator" />
    <link:calculationArc order="3" weight="1" xlink:arcrole="http://www.xbrl.org/2003/arcrole/summation-item" xlink:from="loc_us-gaap_InventoryNet_7eab44cf-1ea1-ca2a-420f-21f7b5343fc3" xlink:to="loc_us-gaap_InventoryFinishedGoodsNetOfReserves_b077ba6e-d590-fd28-6cc4-ab52e924ed70" xlink:type="arc" />
    <link:loc xlink:href="http://xbrl.fasb.org/us-gaap/2017/elts/us-gaap-2017-01-31.xsd#us-gaap_OtherAssetsNoncurrent" xlink:label="loc_us-gaap_OtherAssetsNoncurrent_9b27fab9-d497-627b-4cfb-6b585220b978" xlink:type="locator" />
    <link:loc xlink:href="http://xbrl.fasb.org/us-gaap/2017/elts/us-gaap-2017-01-31.xsd#us-gaap_DeferredCompensationPlanAssets" xlink:label="loc_us-gaap_DeferredCompensationPlanAssets_c5e8e545-d184-736b-7221-b1f3df7f1e36" xlink:type="locator" />
    <link:calculationArc order="1" weight="1" xlink:arcrole="http://www.xbrl.org/2003/arcrole/summation-item" xlink:from="loc_us-gaap_OtherAssetsNoncurrent_9b27fab9-d497-627b-4cfb-6b585220b978" xlink:to="loc_us-gaap_DeferredCompensationPlanAssets_c5e8e545-d184-736b-7221-b1f3df7f1e36" xlink:type="arc" />
    <link:loc xlink:href="http://xbrl.fasb.org/us-gaap/2017/elts/us-gaap-2017-01-31.xsd#us-gaap_DeferredTaxAssetsNetNoncurrent" xlink:label="loc_us-gaap_DeferredTaxAssetsNetNoncurrent_0176d7b6-3703-b24f-2db3-fb35a9f915aa" xlink:type="locator" />
    <link:calculationArc order="2" weight="1" xlink:arcrole="http://www.xbrl.org/2003/arcrole/summation-item" xlink:from="loc_us-gaap_OtherAssetsNoncurrent_9b27fab9-d497-627b-4cfb-6b585220b978" xlink:to="loc_us-gaap_DeferredTaxAssetsNetNoncurrent_0176d7b6-3703-b24f-2db3-fb35a9f915aa" xlink:type="arc" />
    <link:loc xlink:href="http://xbrl.fasb.org/us-gaap/2017/elts/us-gaap-2017-01-31.xsd#us-gaap_OtherAssetsMiscellaneousNoncurrent" xlink:label="loc_us-gaap_OtherAssetsMiscellaneousNoncurrent_ee9e85f0-05da-4047-53be-09ca681d9b98" xlink:type="locator" />
    <link:calculationArc order="3" weight="1" xlink:arcrole="http://www.xbrl.org/2003/arcrole/summation-item" xlink:from="loc_us-gaap_OtherAssetsNoncurrent_9b27fab9-d497-627b-4cfb-6b585220b978" xlink:to="loc_us-gaap_OtherAssetsMiscellaneousNoncurrent_ee9e85f0-05da-4047-53be-09ca681d9b98" xlink:type="arc" />
    <link:loc xlink:href="http://xbrl.fasb.org/us-gaap/2017/elts/us-gaap-2017-01-31.xsd#us-gaap_OtherLiabilitiesNoncurrent" xlink:label="loc_us-gaap_OtherLiabilitiesNoncurrent_f234998c-5e05-09d0-d53e-5c44423c97c0" xlink:type="locator" />
    <link:loc xlink:href="http://xbrl.fasb.org/us-gaap/2017/elts/us-gaap-2017-01-31.xsd#us-gaap_AccruedIncomeTaxesNoncurrent" xlink:label="loc_us-gaap_AccruedIncomeTaxesNoncurrent_39fdf2e0-cba9-5ec1-5f6b-a944b9ccb0d0" xlink:type="locator" />
    <link:calculationArc order="1" weight="1" xlink:arcrole="http://www.xbrl.org/2003/arcrole/summation-item" xlink:from="loc_us-gaap_OtherLiabilitiesNoncurrent_f234998c-5e05-09d0-d53e-5c44423c97c0" xlink:to="loc_us-gaap_AccruedIncomeTaxesNoncurrent_39fdf2e0-cba9-5ec1-5f6b-a944b9ccb0d0" xlink:type="arc" />
    <link:loc xlink:href="http://xbrl.fasb.org/us-gaap/2017/elts/us-gaap-2017-01-31.xsd#us-gaap_DeferredCompensationLiabilityClassifiedNoncurrent" xlink:label="loc_us-gaap_DeferredCompensationLiabilityClassifiedNoncurrent_13bb68ff-220d-fc94-a876-04b8f3aef199" xlink:type="locator" />
    <link:calculationArc order="2" weight="1" xlink:arcrole="http://www.xbrl.org/2003/arcrole/summation-item" xlink:from="loc_us-gaap_OtherLiabilitiesNoncurrent_f234998c-5e05-09d0-d53e-5c44423c97c0" xlink:to="loc_us-gaap_DeferredCompensationLiabilityClassifiedNoncurrent_13bb68ff-220d-fc94-a876-04b8f3aef199" xlink:type="arc" />
    <link:loc xlink:href="http://xbrl.fasb.org/us-gaap/2017/elts/us-gaap-2017-01-31.xsd#us-gaap_DeferredTaxLiabilitiesNoncurrent" xlink:label="loc_us-gaap_DeferredTaxLiabilitiesNoncurrent_314eb579-3ee1-408c-39f2-e62f2f37befc" xlink:type="locator" />
    <link:calculationArc order="3" weight="1" xlink:arcrole="http://www.xbrl.org/2003/arcrole/summation-item" xlink:from="loc_us-gaap_OtherLiabilitiesNoncurrent_f234998c-5e05-09d0-d53e-5c44423c97c0" xlink:to="loc_us-gaap_DeferredTaxLiabilitiesNoncurrent_314eb579-3ee1-408c-39f2-e62f2f37befc" xlink:type="arc" />
    <link:loc xlink:href="http://xbrl.fasb.org/us-gaap/2017/elts/us-gaap-2017-01-31.xsd#us-gaap_DeferredRevenueNoncurrent" xlink:label="loc_us-gaap_DeferredRevenueNoncurrent_11e98ceb-5737-f44d-6a16-2d8b64b1228d" xlink:type="locator" />
    <link:calculationArc order="4" weight="1" xlink:arcrole="http://www.xbrl.org/2003/arcrole/summation-item" xlink:from="loc_us-gaap_OtherLiabilitiesNoncurrent_f234998c-5e05-09d0-d53e-5c44423c97c0" xlink:to="loc_us-gaap_DeferredRevenueNoncurrent_11e98ceb-5737-f44d-6a16-2d8b64b1228d" xlink:type="arc" />
    <link:loc xlink:href="http://xbrl.fasb.org/us-gaap/2017/elts/us-gaap-2017-01-31.xsd#us-gaap_AssetRetirementObligationsNoncurrent" xlink:label="loc_us-gaap_AssetRetirementObligationsNoncurrent_1f4fb651-4881-fed9-af88-845715d74664" xlink:type="locator" />
    <link:calculationArc order="5" weight="1" xlink:arcrole="http://www.xbrl.org/2003/arcrole/summation-item" xlink:from="loc_us-gaap_OtherLiabilitiesNoncurrent_f234998c-5e05-09d0-d53e-5c44423c97c0" xlink:to="loc_us-gaap_AssetRetirementObligationsNoncurrent_1f4fb651-4881-fed9-af88-845715d74664" xlink:type="arc" />
    <link:loc xlink:href="http://xbrl.fasb.org/us-gaap/2017/elts/us-gaap-2017-01-31.xsd#us-gaap_DefinedBenefitPensionPlanLiabilitiesNoncurrent" xlink:label="loc_us-gaap_DefinedBenefitPensionPlanLiabilitiesNoncurrent_047fbbde-4aa8-869d-d78f-3a4cdb9536c5" xlink:type="locator" />
    <link:calculationArc order="6" weight="1" xlink:arcrole="http://www.xbrl.org/2003/arcrole/summation-item" xlink:from="loc_us-gaap_OtherLiabilitiesNoncurrent_f234998c-5e05-09d0-d53e-5c44423c97c0" xlink:to="loc_us-gaap_DefinedBenefitPensionPlanLiabilitiesNoncurrent_047fbbde-4aa8-869d-d78f-3a4cdb9536c5" xlink:type="arc" />
    <link:loc xlink:href="http://xbrl.fasb.org/us-gaap/2017/elts/us-gaap-2017-01-31.xsd#us-gaap_OtherSundryLiabilitiesNoncurrent" xlink:label="loc_us-gaap_OtherSundryLiabilitiesNoncurrent_c10b61aa-1547-d423-fbd2-0852ad5e26b5" xlink:type="locator" />
    <link:calculationArc order="7" weight="1" xlink:arcrole="http://www.xbrl.org/2003/arcrole/summation-item" xlink:from="loc_us-gaap_OtherLiabilitiesNoncurrent_f234998c-5e05-09d0-d53e-5c44423c97c0" xlink:to="loc_us-gaap_OtherSundryLiabilitiesNoncurrent_c10b61aa-1547-d423-fbd2-0852ad5e26b5" xlink:type="arc" />
    <link:loc xlink:href="http://xbrl.fasb.org/us-gaap/2017/elts/us-gaap-2017-01-31.xsd#us-gaap_PrepaidExpenseAndOtherAssetsCurrent" xlink:label="loc_us-gaap_PrepaidExpenseAndOtherAssetsCurrent_2294e6a2-7bab-43ed-d02c-bdf73b8fa561" xlink:type="locator" />
    <link:loc xlink:href="http://xbrl.fasb.org/us-gaap/2017/elts/us-gaap-2017-01-31.xsd#us-gaap_PrepaidTaxes" xlink:label="loc_us-gaap_PrepaidTaxes_02645454-7101-7c15-39a1-317d5d74cc69" xlink:type="locator" />
    <link:calculationArc order="1" weight="1" xlink:arcrole="http://www.xbrl.org/2003/arcrole/summation-item" xlink:from="loc_us-gaap_PrepaidExpenseAndOtherAssetsCurrent_2294e6a2-7bab-43ed-d02c-bdf73b8fa561" xlink:to="loc_us-gaap_PrepaidTaxes_02645454-7101-7c15-39a1-317d5d74cc69" xlink:type="arc" />
    <link:loc xlink:href="cohr-20170701.xsd#cohr_OtherTaxesReceivable" xlink:label="loc_cohr_OtherTaxesReceivable_b179e388-619a-ab68-4187-42d8dc1c6c2a" xlink:type="locator" />
    <link:calculationArc order="2" weight="1" xlink:arcrole="http://www.xbrl.org/2003/arcrole/summation-item" xlink:from="loc_us-gaap_PrepaidExpenseAndOtherAssetsCurrent_2294e6a2-7bab-43ed-d02c-bdf73b8fa561" xlink:to="loc_cohr_OtherTaxesReceivable_b179e388-619a-ab68-4187-42d8dc1c6c2a" xlink:type="arc" />
    <link:loc xlink:href="http://xbrl.fasb.org/us-gaap/2017/elts/us-gaap-2017-01-31.xsd#us-gaap_OtherPrepaidExpenseCurrent" xlink:label="loc_us-gaap_OtherPrepaidExpenseCurrent_e934c1a2-8f4f-370a-269f-0fc41b365e68" xlink:type="locator" />
    <link:calculationArc order="3" weight="1" xlink:arcrole="http://www.xbrl.org/2003/arcrole/summation-item" xlink:from="loc_us-gaap_PrepaidExpenseAndOtherAssetsCurrent_2294e6a2-7bab-43ed-d02c-bdf73b8fa561" xlink:to="loc_us-gaap_OtherPrepaidExpenseCurrent_e934c1a2-8f4f-370a-269f-0fc41b365e68" xlink:type="arc" />
  </link:calculationLink>
  <link:calculationLink xlink:role="http://www.coherent.com/role/BalanceSheetDetailsTables" xlink:type="extended" />
  <link:calculationLink xlink:role="http://www.coherent.com/role/BasisOfPresentation" xlink:type="extended" />
  <link:calculationLink xlink:role="http://www.coherent.com/role/BasisOfPresentationSegmentInfoDetails" xlink:type="extended" />
  <link:calculationLink xlink:role="http://www.coherent.com/role/Borrowings" xlink:type="extended" />
  <link:calculationLink xlink:role="http://www.coherent.com/role/BorrowingsDebtMaturityTableDetails" xlink:type="extended" />
  <link:calculationLink xlink:role="http://www.coherent.com/role/BorrowingsDetails" xlink:type="extended" />
  <link:calculationLink xlink:role="http://www.coherent.com/role/BorrowingsLongTermObligationTableDetails" xlink:type="extended" />
  <link:calculationLink xlink:role="http://www.coherent.com/role/BorrowingsShortTermBorrowingsTables" xlink:type="extended" />
  <link:calculationLink xlink:role="http://www.coherent.com/role/BorrowingsShortTermObligationTableDetails" xlink:type="extended" />
  <link:calculationLink xlink:role="http://www.coherent.com/role/BusinessCombinations" xlink:type="extended" />
  <link:calculationLink xlink:role="http://www.coherent.com/role/BusinessCombinationsBusinessProFormaInformationDetails" xlink:type="extended" />
  <link:calculationLink xlink:role="http://www.coherent.com/role/BusinessCombinationsRofinAcquisitionDetails" xlink:type="extended" />
  <link:calculationLink xlink:role="http://www.coherent.com/role/BusinessCombinationsRofinAcquisitionNarrativeDetails" xlink:type="extended" />
  <link:calculationLink xlink:role="http://www.coherent.com/role/BusinessCombinationsScheduleOfAssetsAcquiredAndLiabilitiesAssumedDetails" xlink:type="extended" />
  <link:calculationLink xlink:role="http://www.coherent.com/role/BusinessCombinationsTables" xlink:type="extended" />
  <link:calculationLink xlink:role="http://www.coherent.com/role/CommitmentsAndContingencies" xlink:type="extended" />
  <link:calculationLink xlink:role="http://www.coherent.com/role/CommitmentsAndContingenciesEstimatedLiabiltiesDetails" xlink:type="extended" />
  <link:calculationLink xlink:role="http://www.coherent.com/role/CondensedConsolidatedBalanceSheetsParenthetical" xlink:type="extended" />
  <link:calculationLink xlink:role="http://www.coherent.com/role/CondensedConsolidatedBalanceSheetsUnaudited" xlink:type="extended">
    <link:loc xlink:href="http://xbrl.fasb.org/us-gaap/2017/elts/us-gaap-2017-01-31.xsd#us-gaap_Assets" xlink:label="loc_us-gaap_Assets_c6057b1d-6685-8249-2051-6c57f3a16a9e" xlink:type="locator" />
    <link:loc xlink:href="http://xbrl.fasb.org/us-gaap/2017/elts/us-gaap-2017-01-31.xsd#us-gaap_AssetsCurrent" xlink:label="loc_us-gaap_AssetsCurrent_8a47066b-3628-88d1-49db-ed09aecc7fc7" xlink:type="locator" />
    <link:calculationArc order="1" weight="1" xlink:arcrole="http://www.xbrl.org/2003/arcrole/summation-item" xlink:from="loc_us-gaap_Assets_c6057b1d-6685-8249-2051-6c57f3a16a9e" xlink:to="loc_us-gaap_AssetsCurrent_8a47066b-3628-88d1-49db-ed09aecc7fc7" xlink:type="arc" />
    <link:loc xlink:href="http://xbrl.fasb.org/us-gaap/2017/elts/us-gaap-2017-01-31.xsd#us-gaap_CashAndCashEquivalentsAtCarryingValue" xlink:label="loc_us-gaap_CashAndCashEquivalentsAtCarryingValue_07da1db4-2708-4446-4250-1fdd5956185e" xlink:type="locator" />
    <link:calculationArc order="1" weight="1" xlink:arcrole="http://www.xbrl.org/2003/arcrole/summation-item" xlink:from="loc_us-gaap_AssetsCurrent_8a47066b-3628-88d1-49db-ed09aecc7fc7" xlink:to="loc_us-gaap_CashAndCashEquivalentsAtCarryingValue_07da1db4-2708-4446-4250-1fdd5956185e" xlink:type="arc" />
    <link:loc xlink:href="http://xbrl.fasb.org/us-gaap/2017/elts/us-gaap-2017-01-31.xsd#us-gaap_RestrictedCashAndInvestmentsCurrent" xlink:label="loc_us-gaap_RestrictedCashAndInvestmentsCurrent_742238c6-99b5-ec8f-811f-240c929f1974" xlink:type="locator" />
    <link:calculationArc order="2" weight="1" xlink:arcrole="http://www.xbrl.org/2003/arcrole/summation-item" xlink:from="loc_us-gaap_AssetsCurrent_8a47066b-3628-88d1-49db-ed09aecc7fc7" xlink:to="loc_us-gaap_RestrictedCashAndInvestmentsCurrent_742238c6-99b5-ec8f-811f-240c929f1974" xlink:type="arc" />
    <link:loc xlink:href="http://xbrl.fasb.org/us-gaap/2017/elts/us-gaap-2017-01-31.xsd#us-gaap_ShortTermInvestments" xlink:label="loc_us-gaap_ShortTermInvestments_d585eba8-c5c0-6186-d29a-3180d2b06f0a" xlink:type="locator" />
    <link:calculationArc order="3" weight="1" xlink:arcrole="http://www.xbrl.org/2003/arcrole/summation-item" xlink:from="loc_us-gaap_AssetsCurrent_8a47066b-3628-88d1-49db-ed09aecc7fc7" xlink:to="loc_us-gaap_ShortTermInvestments_d585eba8-c5c0-6186-d29a-3180d2b06f0a" xlink:type="arc" />
    <link:loc xlink:href="http://xbrl.fasb.org/us-gaap/2017/elts/us-gaap-2017-01-31.xsd#us-gaap_InventoryNet" xlink:label="loc_us-gaap_InventoryNet_7eab44cf-1ea1-ca2a-420f-21f7b5343fc3" xlink:type="locator" />
    <link:calculationArc order="4" weight="1" xlink:arcrole="http://www.xbrl.org/2003/arcrole/summation-item" xlink:from="loc_us-gaap_AssetsCurrent_8a47066b-3628-88d1-49db-ed09aecc7fc7" xlink:to="loc_us-gaap_InventoryNet_7eab44cf-1ea1-ca2a-420f-21f7b5343fc3" xlink:type="arc" />
    <link:loc xlink:href="http://xbrl.fasb.org/us-gaap/2017/elts/us-gaap-2017-01-31.xsd#us-gaap_PrepaidExpenseAndOtherAssets" xlink:label="loc_us-gaap_PrepaidExpenseAndOtherAssets_5f53fa6d-0854-0ea4-884d-9478bdd576c0" xlink:type="locator" />
    <link:calculationArc order="5" weight="1" xlink:arcrole="http://www.xbrl.org/2003/arcrole/summation-item" xlink:from="loc_us-gaap_AssetsCurrent_8a47066b-3628-88d1-49db-ed09aecc7fc7" xlink:to="loc_us-gaap_PrepaidExpenseAndOtherAssets_5f53fa6d-0854-0ea4-884d-9478bdd576c0" xlink:type="arc" />
    <link:loc xlink:href="cohr-20170701.xsd#cohr_Currentassetsheldforsalepartofthediscontinuedoperations" xlink:label="loc_cohr_Currentassetsheldforsalepartofthediscontinuedoperations_3ffe03db-77c4-f419-c081-42d8de6a2629" xlink:type="locator" />
    <link:calculationArc order="6" weight="1" xlink:arcrole="http://www.xbrl.org/2003/arcrole/summation-item" xlink:from="loc_us-gaap_AssetsCurrent_8a47066b-3628-88d1-49db-ed09aecc7fc7" xlink:to="loc_cohr_Currentassetsheldforsalepartofthediscontinuedoperations_3ffe03db-77c4-f419-c081-42d8de6a2629" xlink:type="arc" />
    <link:loc xlink:href="http://xbrl.fasb.org/us-gaap/2017/elts/us-gaap-2017-01-31.xsd#us-gaap_AccountsReceivableNetCurrent" xlink:label="loc_us-gaap_AccountsReceivableNetCurrent_dd7775cd-f4ab-5607-9b31-1ee98f605818" xlink:type="locator" />
    <link:calculationArc order="7" weight="1" xlink:arcrole="http://www.xbrl.org/2003/arcrole/summation-item" xlink:from="loc_us-gaap_AssetsCurrent_8a47066b-3628-88d1-49db-ed09aecc7fc7" xlink:to="loc_us-gaap_AccountsReceivableNetCurrent_dd7775cd-f4ab-5607-9b31-1ee98f605818" xlink:type="arc" />
    <link:loc xlink:href="http://xbrl.fasb.org/us-gaap/2017/elts/us-gaap-2017-01-31.xsd#us-gaap_PropertyPlantAndEquipmentNet" xlink:label="loc_us-gaap_PropertyPlantAndEquipmentNet_1944a381-5c4e-ce3c-9111-13ccd1c639db" xlink:type="locator" />
    <link:calculationArc order="2" weight="1" xlink:arcrole="http://www.xbrl.org/2003/arcrole/summation-item" xlink:from="loc_us-gaap_Assets_c6057b1d-6685-8249-2051-6c57f3a16a9e" xlink:to="loc_us-gaap_PropertyPlantAndEquipmentNet_1944a381-5c4e-ce3c-9111-13ccd1c639db" xlink:type="arc" />
    <link:loc xlink:href="http://xbrl.fasb.org/us-gaap/2017/elts/us-gaap-2017-01-31.xsd#us-gaap_Goodwill" xlink:label="loc_us-gaap_Goodwill_93a64cae-271a-5e6b-8c83-5adf9f941142" xlink:type="locator" />
    <link:calculationArc order="3" weight="1" xlink:arcrole="http://www.xbrl.org/2003/arcrole/summation-item" xlink:from="loc_us-gaap_Assets_c6057b1d-6685-8249-2051-6c57f3a16a9e" xlink:to="loc_us-gaap_Goodwill_93a64cae-271a-5e6b-8c83-5adf9f941142" xlink:type="arc" />
    <link:loc xlink:href="http://xbrl.fasb.org/us-gaap/2017/elts/us-gaap-2017-01-31.xsd#us-gaap_IntangibleAssetsNetExcludingGoodwill" xlink:label="loc_us-gaap_IntangibleAssetsNetExcludingGoodwill_1fe06082-076b-052d-6e2e-930afe9d6b2d" xlink:type="locator" />
    <link:calculationArc order="4" weight="1" xlink:arcrole="http://www.xbrl.org/2003/arcrole/summation-item" xlink:from="loc_us-gaap_Assets_c6057b1d-6685-8249-2051-6c57f3a16a9e" xlink:to="loc_us-gaap_IntangibleAssetsNetExcludingGoodwill_1fe06082-076b-052d-6e2e-930afe9d6b2d" xlink:type="arc" />
    <link:loc xlink:href="http://xbrl.fasb.org/us-gaap/2017/elts/us-gaap-2017-01-31.xsd#us-gaap_OtherAssetsNoncurrent" xlink:label="loc_us-gaap_OtherAssetsNoncurrent_9b27fab9-d497-627b-4cfb-6b585220b978" xlink:type="locator" />
    <link:calculationArc order="5" weight="1" xlink:arcrole="http://www.xbrl.org/2003/arcrole/summation-item" xlink:from="loc_us-gaap_Assets_c6057b1d-6685-8249-2051-6c57f3a16a9e" xlink:to="loc_us-gaap_OtherAssetsNoncurrent_9b27fab9-d497-627b-4cfb-6b585220b978" xlink:type="arc" />
    <link:loc xlink:href="http://xbrl.fasb.org/us-gaap/2017/elts/us-gaap-2017-01-31.xsd#us-gaap_RestrictedCashAndCashEquivalentsNoncurrent" xlink:label="loc_us-gaap_RestrictedCashAndCashEquivalentsNoncurrent_aa03feac-7644-913e-0208-3bf6e84c2b98" xlink:type="locator" />
    <link:calculationArc order="6" weight="1" xlink:arcrole="http://www.xbrl.org/2003/arcrole/summation-item" xlink:from="loc_us-gaap_Assets_c6057b1d-6685-8249-2051-6c57f3a16a9e" xlink:to="loc_us-gaap_RestrictedCashAndCashEquivalentsNoncurrent_aa03feac-7644-913e-0208-3bf6e84c2b98" xlink:type="arc" />
    <link:loc xlink:href="http://xbrl.fasb.org/us-gaap/2017/elts/us-gaap-2017-01-31.xsd#us-gaap_LiabilitiesAndStockholdersEquity" xlink:label="loc_us-gaap_LiabilitiesAndStockholdersEquity_159dcb00-b17e-17db-7098-be4159799459" xlink:type="locator" />
    <link:loc xlink:href="http://xbrl.fasb.org/us-gaap/2017/elts/us-gaap-2017-01-31.xsd#us-gaap_LiabilitiesCurrent" xlink:label="loc_us-gaap_LiabilitiesCurrent_f5e246cf-e80f-d00b-c8ed-4796aa2df4b4" xlink:type="locator" />
    <link:calculationArc order="1" weight="1" xlink:arcrole="http://www.xbrl.org/2003/arcrole/summation-item" xlink:from="loc_us-gaap_LiabilitiesAndStockholdersEquity_159dcb00-b17e-17db-7098-be4159799459" xlink:to="loc_us-gaap_LiabilitiesCurrent_f5e246cf-e80f-d00b-c8ed-4796aa2df4b4" xlink:type="arc" />
    <link:loc xlink:href="http://xbrl.fasb.org/us-gaap/2017/elts/us-gaap-2017-01-31.xsd#us-gaap_ShortTermBorrowings" xlink:label="loc_us-gaap_ShortTermBorrowings_c4493b41-4418-ed41-2f06-05ff9c61369f" xlink:type="locator" />
    <link:calculationArc order="1" weight="1" xlink:arcrole="http://www.xbrl.org/2003/arcrole/summation-item" xlink:from="loc_us-gaap_LiabilitiesCurrent_f5e246cf-e80f-d00b-c8ed-4796aa2df4b4" xlink:to="loc_us-gaap_ShortTermBorrowings_c4493b41-4418-ed41-2f06-05ff9c61369f" xlink:type="arc" />
    <link:loc xlink:href="http://xbrl.fasb.org/us-gaap/2017/elts/us-gaap-2017-01-31.xsd#us-gaap_AccountsPayableCurrent" xlink:label="loc_us-gaap_AccountsPayableCurrent_7a72b51a-735c-1ad4-bd3f-d9bcf2d6a26d" xlink:type="locator" />
    <link:calculationArc order="2" weight="1" xlink:arcrole="http://www.xbrl.org/2003/arcrole/summation-item" xlink:from="loc_us-gaap_LiabilitiesCurrent_f5e246cf-e80f-d00b-c8ed-4796aa2df4b4" xlink:to="loc_us-gaap_AccountsPayableCurrent_7a72b51a-735c-1ad4-bd3f-d9bcf2d6a26d" xlink:type="arc" />
    <link:loc xlink:href="http://xbrl.fasb.org/us-gaap/2017/elts/us-gaap-2017-01-31.xsd#us-gaap_AccruedIncomeTaxesCurrent" xlink:label="loc_us-gaap_AccruedIncomeTaxesCurrent_bd3a7ae4-0e62-b7df-2312-729d1644863d" xlink:type="locator" />
    <link:calculationArc order="3" weight="1" xlink:arcrole="http://www.xbrl.org/2003/arcrole/summation-item" xlink:from="loc_us-gaap_LiabilitiesCurrent_f5e246cf-e80f-d00b-c8ed-4796aa2df4b4" xlink:to="loc_us-gaap_AccruedIncomeTaxesCurrent_bd3a7ae4-0e62-b7df-2312-729d1644863d" xlink:type="arc" />
    <link:loc xlink:href="http://xbrl.fasb.org/us-gaap/2017/elts/us-gaap-2017-01-31.xsd#us-gaap_OtherLiabilitiesCurrent" xlink:label="loc_us-gaap_OtherLiabilitiesCurrent_b4e6cca3-6c62-3e0a-6782-510b974f1199" xlink:type="locator" />
    <link:calculationArc order="4" weight="1" xlink:arcrole="http://www.xbrl.org/2003/arcrole/summation-item" xlink:from="loc_us-gaap_LiabilitiesCurrent_f5e246cf-e80f-d00b-c8ed-4796aa2df4b4" xlink:to="loc_us-gaap_OtherLiabilitiesCurrent_b4e6cca3-6c62-3e0a-6782-510b974f1199" xlink:type="arc" />
    <link:loc xlink:href="http://xbrl.fasb.org/us-gaap/2017/elts/us-gaap-2017-01-31.xsd#us-gaap_StockholdersEquity" xlink:label="loc_us-gaap_StockholdersEquity_4b158f76-5f04-5e4d-ead3-d80e1f9943db" xlink:type="locator" />
    <link:calculationArc order="2" weight="1" xlink:arcrole="http://www.xbrl.org/2003/arcrole/summation-item" xlink:from="loc_us-gaap_LiabilitiesAndStockholdersEquity_159dcb00-b17e-17db-7098-be4159799459" xlink:to="loc_us-gaap_StockholdersEquity_4b158f76-5f04-5e4d-ead3-d80e1f9943db" xlink:type="arc" />
    <link:loc xlink:href="http://xbrl.fasb.org/us-gaap/2017/elts/us-gaap-2017-01-31.xsd#us-gaap_AdditionalPaidInCapital" xlink:label="loc_us-gaap_AdditionalPaidInCapital_2d1b9d27-8b19-82d9-2843-5b3d292b7fbb" xlink:type="locator" />
    <link:calculationArc order="1" weight="1" xlink:arcrole="http://www.xbrl.org/2003/arcrole/summation-item" xlink:from="loc_us-gaap_StockholdersEquity_4b158f76-5f04-5e4d-ead3-d80e1f9943db" xlink:to="loc_us-gaap_AdditionalPaidInCapital_2d1b9d27-8b19-82d9-2843-5b3d292b7fbb" xlink:type="arc" />
    <link:loc xlink:href="http://xbrl.fasb.org/us-gaap/2017/elts/us-gaap-2017-01-31.xsd#us-gaap_AccumulatedOtherComprehensiveIncomeLossNetOfTax" xlink:label="loc_us-gaap_AccumulatedOtherComprehensiveIncomeLossNetOfTax_04f0961a-a0bc-88cf-6658-3f950da4a458" xlink:type="locator" />
    <link:calculationArc order="2" weight="1" xlink:arcrole="http://www.xbrl.org/2003/arcrole/summation-item" xlink:from="loc_us-gaap_StockholdersEquity_4b158f76-5f04-5e4d-ead3-d80e1f9943db" xlink:to="loc_us-gaap_AccumulatedOtherComprehensiveIncomeLossNetOfTax_04f0961a-a0bc-88cf-6658-3f950da4a458" xlink:type="arc" />
    <link:loc xlink:href="http://xbrl.fasb.org/us-gaap/2017/elts/us-gaap-2017-01-31.xsd#us-gaap_RetainedEarningsAccumulatedDeficit" xlink:label="loc_us-gaap_RetainedEarningsAccumulatedDeficit_065cb284-7fca-cc9b-5752-2feaf74d0011" xlink:type="locator" />
    <link:calculationArc order="3" weight="1" xlink:arcrole="http://www.xbrl.org/2003/arcrole/summation-item" xlink:from="loc_us-gaap_StockholdersEquity_4b158f76-5f04-5e4d-ead3-d80e1f9943db" xlink:to="loc_us-gaap_RetainedEarningsAccumulatedDeficit_065cb284-7fca-cc9b-5752-2feaf74d0011" xlink:type="arc" />
    <link:loc xlink:href="http://xbrl.fasb.org/us-gaap/2017/elts/us-gaap-2017-01-31.xsd#us-gaap_CommonStockValue" xlink:label="loc_us-gaap_CommonStockValue_c3f7606a-e7e9-61d5-b60b-b4b059f68b26" xlink:type="locator" />
    <link:calculationArc order="4" weight="1" xlink:arcrole="http://www.xbrl.org/2003/arcrole/summation-item" xlink:from="loc_us-gaap_StockholdersEquity_4b158f76-5f04-5e4d-ead3-d80e1f9943db" xlink:to="loc_us-gaap_CommonStockValue_c3f7606a-e7e9-61d5-b60b-b4b059f68b26" xlink:type="arc" />
    <link:loc xlink:href="http://xbrl.fasb.org/us-gaap/2017/elts/us-gaap-2017-01-31.xsd#us-gaap_CommitmentsAndContingencies" xlink:label="loc_us-gaap_CommitmentsAndContingencies_058e01e4-b9a1-623e-29f5-1b5c79bf095a" xlink:type="locator" />
    <link:calculationArc order="3" weight="1" xlink:arcrole="http://www.xbrl.org/2003/arcrole/summation-item" xlink:from="loc_us-gaap_LiabilitiesAndStockholdersEquity_159dcb00-b17e-17db-7098-be4159799459" xlink:to="loc_us-gaap_CommitmentsAndContingencies_058e01e4-b9a1-623e-29f5-1b5c79bf095a" xlink:type="arc" />
    <link:loc xlink:href="http://xbrl.fasb.org/us-gaap/2017/elts/us-gaap-2017-01-31.xsd#us-gaap_LiabilitiesOtherThanLongtermDebtNoncurrent" xlink:label="loc_us-gaap_LiabilitiesOtherThanLongtermDebtNoncurrent_918bc3b0-b4cd-8c4a-9735-37889dc345e8" xlink:type="locator" />
    <link:calculationArc order="4" weight="1" xlink:arcrole="http://www.xbrl.org/2003/arcrole/summation-item" xlink:from="loc_us-gaap_LiabilitiesAndStockholdersEquity_159dcb00-b17e-17db-7098-be4159799459" xlink:to="loc_us-gaap_LiabilitiesOtherThanLongtermDebtNoncurrent_918bc3b0-b4cd-8c4a-9735-37889dc345e8" xlink:type="arc" />
    <link:loc xlink:href="http://xbrl.fasb.org/us-gaap/2017/elts/us-gaap-2017-01-31.xsd#us-gaap_LongTermDebtAndCapitalLeaseObligations" xlink:label="loc_us-gaap_LongTermDebtAndCapitalLeaseObligations_f68a050d-d5b6-1395-99ff-ed06c9a31fb4" xlink:type="locator" />
    <link:calculationArc order="5" weight="1" xlink:arcrole="http://www.xbrl.org/2003/arcrole/summation-item" xlink:from="loc_us-gaap_LiabilitiesAndStockholdersEquity_159dcb00-b17e-17db-7098-be4159799459" xlink:to="loc_us-gaap_LongTermDebtAndCapitalLeaseObligations_f68a050d-d5b6-1395-99ff-ed06c9a31fb4" xlink:type="arc" />
  </link:calculationLink>
  <link:calculationLink xlink:role="http://www.coherent.com/role/CondensedConsolidatedStatementsOfCashFlowsUnaudited" xlink:type="extended">
    <link:loc xlink:href="http://xbrl.fasb.org/us-gaap/2017/elts/us-gaap-2017-01-31.xsd#us-gaap_NetCashProvidedByUsedInOperatingActivities" xlink:label="loc_us-gaap_NetCashProvidedByUsedInOperatingActivities_444b1ac7-f47a-4ce3-0caa-537f7e4ab8c3" xlink:type="locator" />
    <link:loc xlink:href="http://xbrl.fasb.org/us-gaap/2017/elts/us-gaap-2017-01-31.xsd#us-gaap_NetIncomeLoss" xlink:label="loc_us-gaap_NetIncomeLoss_641b1cab-a2b3-2e0e-8389-1455ff3f8581" xlink:type="locator" />
    <link:calculationArc order="1" weight="1" xlink:arcrole="http://www.xbrl.org/2003/arcrole/summation-item" xlink:from="loc_us-gaap_NetCashProvidedByUsedInOperatingActivities_444b1ac7-f47a-4ce3-0caa-537f7e4ab8c3" xlink:to="loc_us-gaap_NetIncomeLoss_641b1cab-a2b3-2e0e-8389-1455ff3f8581" xlink:type="arc" />
    <link:loc xlink:href="cohr-20170701.xsd#cohr_DepreciationAndAmortizationNet" xlink:label="loc_cohr_DepreciationAndAmortizationNet_d3e94b98-fbd3-0676-a17b-42d8dc086f88" xlink:type="locator" />
    <link:calculationArc order="2" weight="1" xlink:arcrole="http://www.xbrl.org/2003/arcrole/summation-item" xlink:from="loc_us-gaap_NetCashProvidedByUsedInOperatingActivities_444b1ac7-f47a-4ce3-0caa-537f7e4ab8c3" xlink:to="loc_cohr_DepreciationAndAmortizationNet_d3e94b98-fbd3-0676-a17b-42d8dc086f88" xlink:type="arc" />
    <link:loc xlink:href="http://xbrl.fasb.org/us-gaap/2017/elts/us-gaap-2017-01-31.xsd#us-gaap_AmortizationOfIntangibleAssets" xlink:label="loc_us-gaap_AmortizationOfIntangibleAssets_ae796c5c-1c01-d654-6a3c-3b5dd2c89517" xlink:type="locator" />
    <link:calculationArc order="3" weight="1" xlink:arcrole="http://www.xbrl.org/2003/arcrole/summation-item" xlink:from="loc_us-gaap_NetCashProvidedByUsedInOperatingActivities_444b1ac7-f47a-4ce3-0caa-537f7e4ab8c3" xlink:to="loc_us-gaap_AmortizationOfIntangibleAssets_ae796c5c-1c01-d654-6a3c-3b5dd2c89517" xlink:type="arc" />
    <link:loc xlink:href="http://xbrl.fasb.org/us-gaap/2017/elts/us-gaap-2017-01-31.xsd#us-gaap_BusinessCombinationBargainPurchaseGainRecognizedAmount" xlink:label="loc_us-gaap_BusinessCombinationBargainPurchaseGainRecognizedAmount_d681e7b1-cc40-4557-22b2-152978425f95" xlink:type="locator" />
    <link:calculationArc order="4" weight="-1" xlink:arcrole="http://www.xbrl.org/2003/arcrole/summation-item" xlink:from="loc_us-gaap_NetCashProvidedByUsedInOperatingActivities_444b1ac7-f47a-4ce3-0caa-537f7e4ab8c3" xlink:to="loc_us-gaap_BusinessCombinationBargainPurchaseGainRecognizedAmount_d681e7b1-cc40-4557-22b2-152978425f95" xlink:type="arc" />
    <link:loc xlink:href="http://xbrl.fasb.org/us-gaap/2017/elts/us-gaap-2017-01-31.xsd#us-gaap_DeferredIncomeTaxExpenseBenefit" xlink:label="loc_us-gaap_DeferredIncomeTaxExpenseBenefit_f75d01b7-d271-b07d-c4a7-6ae60293303d" xlink:type="locator" />
    <link:calculationArc order="5" weight="1" xlink:arcrole="http://www.xbrl.org/2003/arcrole/summation-item" xlink:from="loc_us-gaap_NetCashProvidedByUsedInOperatingActivities_444b1ac7-f47a-4ce3-0caa-537f7e4ab8c3" xlink:to="loc_us-gaap_DeferredIncomeTaxExpenseBenefit_f75d01b7-d271-b07d-c4a7-6ae60293303d" xlink:type="arc" />
    <link:loc xlink:href="http://xbrl.fasb.org/us-gaap/2017/elts/us-gaap-2017-01-31.xsd#us-gaap_AmortizationOfFinancingCosts" xlink:label="loc_us-gaap_AmortizationOfFinancingCosts_88999971-796e-a544-2b43-0669ab932f8e" xlink:type="locator" />
    <link:calculationArc order="6" weight="1" xlink:arcrole="http://www.xbrl.org/2003/arcrole/summation-item" xlink:from="loc_us-gaap_NetCashProvidedByUsedInOperatingActivities_444b1ac7-f47a-4ce3-0caa-537f7e4ab8c3" xlink:to="loc_us-gaap_AmortizationOfFinancingCosts_88999971-796e-a544-2b43-0669ab932f8e" xlink:type="arc" />
    <link:loc xlink:href="http://xbrl.fasb.org/us-gaap/2017/elts/us-gaap-2017-01-31.xsd#us-gaap_ShareBasedCompensation" xlink:label="loc_us-gaap_ShareBasedCompensation_e3eecf87-b290-4567-8a59-5b0a8e27c85b" xlink:type="locator" />
    <link:calculationArc order="7" weight="1" xlink:arcrole="http://www.xbrl.org/2003/arcrole/summation-item" xlink:from="loc_us-gaap_NetCashProvidedByUsedInOperatingActivities_444b1ac7-f47a-4ce3-0caa-537f7e4ab8c3" xlink:to="loc_us-gaap_ShareBasedCompensation_e3eecf87-b290-4567-8a59-5b0a8e27c85b" xlink:type="arc" />
    <link:loc xlink:href="http://xbrl.fasb.org/us-gaap/2017/elts/us-gaap-2017-01-31.xsd#us-gaap_RestructuringCosts" xlink:label="loc_us-gaap_RestructuringCosts_050f971e-149c-ce5d-2cf1-fbbf58be6616" xlink:type="locator" />
    <link:calculationArc order="8" weight="1" xlink:arcrole="http://www.xbrl.org/2003/arcrole/summation-item" xlink:from="loc_us-gaap_NetCashProvidedByUsedInOperatingActivities_444b1ac7-f47a-4ce3-0caa-537f7e4ab8c3" xlink:to="loc_us-gaap_RestructuringCosts_050f971e-149c-ce5d-2cf1-fbbf58be6616" xlink:type="arc" />
    <link:loc xlink:href="http://xbrl.fasb.org/us-gaap/2017/elts/us-gaap-2017-01-31.xsd#us-gaap_OtherNoncashIncomeExpense" xlink:label="loc_us-gaap_OtherNoncashIncomeExpense_371a4d3e-148a-313f-f556-b3ca6797139e" xlink:type="locator" />
    <link:calculationArc order="9" weight="-1" xlink:arcrole="http://www.xbrl.org/2003/arcrole/summation-item" xlink:from="loc_us-gaap_NetCashProvidedByUsedInOperatingActivities_444b1ac7-f47a-4ce3-0caa-537f7e4ab8c3" xlink:to="loc_us-gaap_OtherNoncashIncomeExpense_371a4d3e-148a-313f-f556-b3ca6797139e" xlink:type="arc" />
    <link:loc xlink:href="http://xbrl.fasb.org/us-gaap/2017/elts/us-gaap-2017-01-31.xsd#us-gaap_IncreaseDecreaseInAccountsReceivable" xlink:label="loc_us-gaap_IncreaseDecreaseInAccountsReceivable_dd4bfa5e-1979-c817-e8a9-371104c0d4f7" xlink:type="locator" />
    <link:calculationArc order="10" weight="-1" xlink:arcrole="http://www.xbrl.org/2003/arcrole/summation-item" xlink:from="loc_us-gaap_NetCashProvidedByUsedInOperatingActivities_444b1ac7-f47a-4ce3-0caa-537f7e4ab8c3" xlink:to="loc_us-gaap_IncreaseDecreaseInAccountsReceivable_dd4bfa5e-1979-c817-e8a9-371104c0d4f7" xlink:type="arc" />
    <link:loc xlink:href="http://xbrl.fasb.org/us-gaap/2017/elts/us-gaap-2017-01-31.xsd#us-gaap_IncreaseDecreaseInInventories" xlink:label="loc_us-gaap_IncreaseDecreaseInInventories_bf3f9720-ba63-7ecd-52ae-e754a6f349db" xlink:type="locator" />
    <link:calculationArc order="11" weight="-1" xlink:arcrole="http://www.xbrl.org/2003/arcrole/summation-item" xlink:from="loc_us-gaap_NetCashProvidedByUsedInOperatingActivities_444b1ac7-f47a-4ce3-0caa-537f7e4ab8c3" xlink:to="loc_us-gaap_IncreaseDecreaseInInventories_bf3f9720-ba63-7ecd-52ae-e754a6f349db" xlink:type="arc" />
    <link:loc xlink:href="http://xbrl.fasb.org/us-gaap/2017/elts/us-gaap-2017-01-31.xsd#us-gaap_IncreaseDecreaseInOtherCurrentAssets" xlink:label="loc_us-gaap_IncreaseDecreaseInOtherCurrentAssets_2dda25d5-7739-c1f6-acbf-76965aaf9644" xlink:type="locator" />
    <link:calculationArc order="12" weight="-1" xlink:arcrole="http://www.xbrl.org/2003/arcrole/summation-item" xlink:from="loc_us-gaap_NetCashProvidedByUsedInOperatingActivities_444b1ac7-f47a-4ce3-0caa-537f7e4ab8c3" xlink:to="loc_us-gaap_IncreaseDecreaseInOtherCurrentAssets_2dda25d5-7739-c1f6-acbf-76965aaf9644" xlink:type="arc" />
    <link:loc xlink:href="http://xbrl.fasb.org/us-gaap/2017/elts/us-gaap-2017-01-31.xsd#us-gaap_IncreaseDecreaseInOtherNoncurrentAssets" xlink:label="loc_us-gaap_IncreaseDecreaseInOtherNoncurrentAssets_9c014c8e-ef65-6055-d342-3e048173d471" xlink:type="locator" />
    <link:calculationArc order="13" weight="-1" xlink:arcrole="http://www.xbrl.org/2003/arcrole/summation-item" xlink:from="loc_us-gaap_NetCashProvidedByUsedInOperatingActivities_444b1ac7-f47a-4ce3-0caa-537f7e4ab8c3" xlink:to="loc_us-gaap_IncreaseDecreaseInOtherNoncurrentAssets_9c014c8e-ef65-6055-d342-3e048173d471" xlink:type="arc" />
    <link:loc xlink:href="http://xbrl.fasb.org/us-gaap/2017/elts/us-gaap-2017-01-31.xsd#us-gaap_IncreaseDecreaseInAccountsPayable" xlink:label="loc_us-gaap_IncreaseDecreaseInAccountsPayable_a8b6fe35-4809-bddf-7ef6-3144a6c89165" xlink:type="locator" />
    <link:calculationArc order="14" weight="1" xlink:arcrole="http://www.xbrl.org/2003/arcrole/summation-item" xlink:from="loc_us-gaap_NetCashProvidedByUsedInOperatingActivities_444b1ac7-f47a-4ce3-0caa-537f7e4ab8c3" xlink:to="loc_us-gaap_IncreaseDecreaseInAccountsPayable_a8b6fe35-4809-bddf-7ef6-3144a6c89165" xlink:type="arc" />
    <link:loc xlink:href="http://xbrl.fasb.org/us-gaap/2017/elts/us-gaap-2017-01-31.xsd#us-gaap_IncreaseDecreaseInAccruedIncomeTaxesPayable" xlink:label="loc_us-gaap_IncreaseDecreaseInAccruedIncomeTaxesPayable_2e0100a2-70c7-ab53-9143-6f416ad2f702" xlink:type="locator" />
    <link:calculationArc order="15" weight="1" xlink:arcrole="http://www.xbrl.org/2003/arcrole/summation-item" xlink:from="loc_us-gaap_NetCashProvidedByUsedInOperatingActivities_444b1ac7-f47a-4ce3-0caa-537f7e4ab8c3" xlink:to="loc_us-gaap_IncreaseDecreaseInAccruedIncomeTaxesPayable_2e0100a2-70c7-ab53-9143-6f416ad2f702" xlink:type="arc" />
    <link:loc xlink:href="http://xbrl.fasb.org/us-gaap/2017/elts/us-gaap-2017-01-31.xsd#us-gaap_IncreaseDecreaseInOtherCurrentLiabilities" xlink:label="loc_us-gaap_IncreaseDecreaseInOtherCurrentLiabilities_cc375194-a38e-33da-b1f1-b2b16c2222e2" xlink:type="locator" />
    <link:calculationArc order="16" weight="1" xlink:arcrole="http://www.xbrl.org/2003/arcrole/summation-item" xlink:from="loc_us-gaap_NetCashProvidedByUsedInOperatingActivities_444b1ac7-f47a-4ce3-0caa-537f7e4ab8c3" xlink:to="loc_us-gaap_IncreaseDecreaseInOtherCurrentLiabilities_cc375194-a38e-33da-b1f1-b2b16c2222e2" xlink:type="arc" />
    <link:loc xlink:href="http://xbrl.fasb.org/us-gaap/2017/elts/us-gaap-2017-01-31.xsd#us-gaap_IncreaseDecreaseInOtherNoncurrentLiabilities" xlink:label="loc_us-gaap_IncreaseDecreaseInOtherNoncurrentLiabilities_5ffad1f9-ed26-c38a-cad9-7d2f16245ec2" xlink:type="locator" />
    <link:calculationArc order="17" weight="1" xlink:arcrole="http://www.xbrl.org/2003/arcrole/summation-item" xlink:from="loc_us-gaap_NetCashProvidedByUsedInOperatingActivities_444b1ac7-f47a-4ce3-0caa-537f7e4ab8c3" xlink:to="loc_us-gaap_IncreaseDecreaseInOtherNoncurrentLiabilities_5ffad1f9-ed26-c38a-cad9-7d2f16245ec2" xlink:type="arc" />
    <link:loc xlink:href="http://xbrl.fasb.org/us-gaap/2017/elts/us-gaap-2017-01-31.xsd#us-gaap_CashProvidedByUsedInOperatingActivitiesDiscontinuedOperations" xlink:label="loc_us-gaap_CashProvidedByUsedInOperatingActivitiesDiscontinuedOperations_41d34a64-5135-57ad-661a-9f86a4fee4f7" xlink:type="locator" />
    <link:calculationArc order="18" weight="1" xlink:arcrole="http://www.xbrl.org/2003/arcrole/summation-item" xlink:from="loc_us-gaap_NetCashProvidedByUsedInOperatingActivities_444b1ac7-f47a-4ce3-0caa-537f7e4ab8c3" xlink:to="loc_us-gaap_CashProvidedByUsedInOperatingActivitiesDiscontinuedOperations_41d34a64-5135-57ad-661a-9f86a4fee4f7" xlink:type="arc" />
    <link:loc xlink:href="http://xbrl.fasb.org/us-gaap/2017/elts/us-gaap-2017-01-31.xsd#us-gaap_NetCashProvidedByUsedInInvestingActivities" xlink:label="loc_us-gaap_NetCashProvidedByUsedInInvestingActivities_70319186-e7bd-7189-88d2-eba26fb93350" xlink:type="locator" />
    <link:loc xlink:href="http://xbrl.fasb.org/us-gaap/2017/elts/us-gaap-2017-01-31.xsd#us-gaap_PaymentsToAcquirePropertyPlantAndEquipment" xlink:label="loc_us-gaap_PaymentsToAcquirePropertyPlantAndEquipment_fee12b15-6b42-6245-2e2f-ff030b98332c" xlink:type="locator" />
    <link:calculationArc order="1" weight="-1" xlink:arcrole="http://www.xbrl.org/2003/arcrole/summation-item" xlink:from="loc_us-gaap_NetCashProvidedByUsedInInvestingActivities_70319186-e7bd-7189-88d2-eba26fb93350" xlink:to="loc_us-gaap_PaymentsToAcquirePropertyPlantAndEquipment_fee12b15-6b42-6245-2e2f-ff030b98332c" xlink:type="arc" />
    <link:loc xlink:href="http://xbrl.fasb.org/us-gaap/2017/elts/us-gaap-2017-01-31.xsd#us-gaap_ProceedsFromSaleOfPropertyPlantAndEquipment" xlink:label="loc_us-gaap_ProceedsFromSaleOfPropertyPlantAndEquipment_f7ed6106-862d-edb5-3fd1-677e7651af64" xlink:type="locator" />
    <link:calculationArc order="2" weight="1" xlink:arcrole="http://www.xbrl.org/2003/arcrole/summation-item" xlink:from="loc_us-gaap_NetCashProvidedByUsedInInvestingActivities_70319186-e7bd-7189-88d2-eba26fb93350" xlink:to="loc_us-gaap_ProceedsFromSaleOfPropertyPlantAndEquipment_f7ed6106-862d-edb5-3fd1-677e7651af64" xlink:type="arc" />
    <link:loc xlink:href="http://xbrl.fasb.org/us-gaap/2017/elts/us-gaap-2017-01-31.xsd#us-gaap_PaymentsToAcquireAvailableForSaleSecurities" xlink:label="loc_us-gaap_PaymentsToAcquireAvailableForSaleSecurities_9cebbd9b-269e-5a19-54b8-1c32e2660d83" xlink:type="locator" />
    <link:calculationArc order="3" weight="-1" xlink:arcrole="http://www.xbrl.org/2003/arcrole/summation-item" xlink:from="loc_us-gaap_NetCashProvidedByUsedInInvestingActivities_70319186-e7bd-7189-88d2-eba26fb93350" xlink:to="loc_us-gaap_PaymentsToAcquireAvailableForSaleSecurities_9cebbd9b-269e-5a19-54b8-1c32e2660d83" xlink:type="arc" />
    <link:loc xlink:href="http://xbrl.fasb.org/us-gaap/2017/elts/us-gaap-2017-01-31.xsd#us-gaap_ProceedsFromSaleAndMaturityOfAvailableForSaleSecurities" xlink:label="loc_us-gaap_ProceedsFromSaleAndMaturityOfAvailableForSaleSecurities_4beb4a13-125c-79a5-e70a-88872f47be70" xlink:type="locator" />
    <link:calculationArc order="4" weight="1" xlink:arcrole="http://www.xbrl.org/2003/arcrole/summation-item" xlink:from="loc_us-gaap_NetCashProvidedByUsedInInvestingActivities_70319186-e7bd-7189-88d2-eba26fb93350" xlink:to="loc_us-gaap_ProceedsFromSaleAndMaturityOfAvailableForSaleSecurities_4beb4a13-125c-79a5-e70a-88872f47be70" xlink:type="arc" />
    <link:loc xlink:href="http://xbrl.fasb.org/us-gaap/2017/elts/us-gaap-2017-01-31.xsd#us-gaap_PaymentsToAcquireBusinessesNetOfCashAcquired" xlink:label="loc_us-gaap_PaymentsToAcquireBusinessesNetOfCashAcquired_9d35c912-5b2d-89f7-eeb3-812a0511db5e" xlink:type="locator" />
    <link:calculationArc order="5" weight="-1" xlink:arcrole="http://www.xbrl.org/2003/arcrole/summation-item" xlink:from="loc_us-gaap_NetCashProvidedByUsedInInvestingActivities_70319186-e7bd-7189-88d2-eba26fb93350" xlink:to="loc_us-gaap_PaymentsToAcquireBusinessesNetOfCashAcquired_9d35c912-5b2d-89f7-eeb3-812a0511db5e" xlink:type="arc" />
    <link:loc xlink:href="http://xbrl.fasb.org/us-gaap/2017/elts/us-gaap-2017-01-31.xsd#us-gaap_CashProvidedByUsedInInvestingActivitiesDiscontinuedOperations" xlink:label="loc_us-gaap_CashProvidedByUsedInInvestingActivitiesDiscontinuedOperations_c2c196d6-13d0-2f1a-74ee-f582ca75b52c" xlink:type="locator" />
    <link:calculationArc order="6" weight="1" xlink:arcrole="http://www.xbrl.org/2003/arcrole/summation-item" xlink:from="loc_us-gaap_NetCashProvidedByUsedInInvestingActivities_70319186-e7bd-7189-88d2-eba26fb93350" xlink:to="loc_us-gaap_CashProvidedByUsedInInvestingActivitiesDiscontinuedOperations_c2c196d6-13d0-2f1a-74ee-f582ca75b52c" xlink:type="arc" />
    <link:loc xlink:href="http://xbrl.fasb.org/us-gaap/2017/elts/us-gaap-2017-01-31.xsd#us-gaap_NetCashProvidedByUsedInFinancingActivities" xlink:label="loc_us-gaap_NetCashProvidedByUsedInFinancingActivities_deb49b68-c030-7624-a39d-ea301caa5dbf" xlink:type="locator" />
    <link:loc xlink:href="http://xbrl.fasb.org/us-gaap/2017/elts/us-gaap-2017-01-31.xsd#us-gaap_IncreaseDecreaseInBookOverdrafts" xlink:label="loc_us-gaap_IncreaseDecreaseInBookOverdrafts_37236284-a775-340e-9aa8-5e7cbb124419" xlink:type="locator" />
    <link:calculationArc order="1" weight="1" xlink:arcrole="http://www.xbrl.org/2003/arcrole/summation-item" xlink:from="loc_us-gaap_NetCashProvidedByUsedInFinancingActivities_deb49b68-c030-7624-a39d-ea301caa5dbf" xlink:to="loc_us-gaap_IncreaseDecreaseInBookOverdrafts_37236284-a775-340e-9aa8-5e7cbb124419" xlink:type="arc" />
    <link:loc xlink:href="http://xbrl.fasb.org/us-gaap/2017/elts/us-gaap-2017-01-31.xsd#us-gaap_ProceedsFromShortTermDebt" xlink:label="loc_us-gaap_ProceedsFromShortTermDebt_033e0a63-d437-58f7-120c-37d4556f8eed" xlink:type="locator" />
    <link:calculationArc order="2" weight="1" xlink:arcrole="http://www.xbrl.org/2003/arcrole/summation-item" xlink:from="loc_us-gaap_NetCashProvidedByUsedInFinancingActivities_deb49b68-c030-7624-a39d-ea301caa5dbf" xlink:to="loc_us-gaap_ProceedsFromShortTermDebt_033e0a63-d437-58f7-120c-37d4556f8eed" xlink:type="arc" />
    <link:loc xlink:href="http://xbrl.fasb.org/us-gaap/2017/elts/us-gaap-2017-01-31.xsd#us-gaap_RepaymentsOfShortTermDebt" xlink:label="loc_us-gaap_RepaymentsOfShortTermDebt_918f2c1d-af03-b66f-ca7f-78d3e9bffdf3" xlink:type="locator" />
    <link:calculationArc order="3" weight="-1" xlink:arcrole="http://www.xbrl.org/2003/arcrole/summation-item" xlink:from="loc_us-gaap_NetCashProvidedByUsedInFinancingActivities_deb49b68-c030-7624-a39d-ea301caa5dbf" xlink:to="loc_us-gaap_RepaymentsOfShortTermDebt_918f2c1d-af03-b66f-ca7f-78d3e9bffdf3" xlink:type="arc" />
    <link:loc xlink:href="http://xbrl.fasb.org/us-gaap/2017/elts/us-gaap-2017-01-31.xsd#us-gaap_ProceedsFromIssuanceOfSharesUnderIncentiveAndShareBasedCompensationPlansIncludingStockOptions" xlink:label="loc_us-gaap_ProceedsFromIssuanceOfSharesUnderIncentiveAndShareBasedCompensationPlansIncludingStockOptions_d59a921e-6301-0411-46e6-49b6a981f8a0" xlink:type="locator" />
    <link:calculationArc order="4" weight="1" xlink:arcrole="http://www.xbrl.org/2003/arcrole/summation-item" xlink:from="loc_us-gaap_NetCashProvidedByUsedInFinancingActivities_deb49b68-c030-7624-a39d-ea301caa5dbf" xlink:to="loc_us-gaap_ProceedsFromIssuanceOfSharesUnderIncentiveAndShareBasedCompensationPlansIncludingStockOptions_d59a921e-6301-0411-46e6-49b6a981f8a0" xlink:type="arc" />
    <link:loc xlink:href="cohr-20170701.xsd#cohr_NetSettlementOfRestrictedCommonStock" xlink:label="loc_cohr_NetSettlementOfRestrictedCommonStock_9d6cace1-d434-2049-7139-42d8dde8823b" xlink:type="locator" />
    <link:calculationArc order="5" weight="-1" xlink:arcrole="http://www.xbrl.org/2003/arcrole/summation-item" xlink:from="loc_us-gaap_NetCashProvidedByUsedInFinancingActivities_deb49b68-c030-7624-a39d-ea301caa5dbf" xlink:to="loc_cohr_NetSettlementOfRestrictedCommonStock_9d6cace1-d434-2049-7139-42d8dde8823b" xlink:type="arc" />
    <link:loc xlink:href="http://xbrl.fasb.org/us-gaap/2017/elts/us-gaap-2017-01-31.xsd#us-gaap_ProceedsFromIssuanceOfLongTermDebt" xlink:label="loc_us-gaap_ProceedsFromIssuanceOfLongTermDebt_e5f1c7a4-b42a-8461-2001-b1f20e51b257" xlink:type="locator" />
    <link:calculationArc order="6" weight="1" xlink:arcrole="http://www.xbrl.org/2003/arcrole/summation-item" xlink:from="loc_us-gaap_NetCashProvidedByUsedInFinancingActivities_deb49b68-c030-7624-a39d-ea301caa5dbf" xlink:to="loc_us-gaap_ProceedsFromIssuanceOfLongTermDebt_e5f1c7a4-b42a-8461-2001-b1f20e51b257" xlink:type="arc" />
    <link:loc xlink:href="http://xbrl.fasb.org/us-gaap/2017/elts/us-gaap-2017-01-31.xsd#us-gaap_RepaymentsOfLongTermDebt" xlink:label="loc_us-gaap_RepaymentsOfLongTermDebt_2b72fe5f-3c0e-d5e0-8e5c-ad01818e58e5" xlink:type="locator" />
    <link:calculationArc order="7" weight="-1" xlink:arcrole="http://www.xbrl.org/2003/arcrole/summation-item" xlink:from="loc_us-gaap_NetCashProvidedByUsedInFinancingActivities_deb49b68-c030-7624-a39d-ea301caa5dbf" xlink:to="loc_us-gaap_RepaymentsOfLongTermDebt_2b72fe5f-3c0e-d5e0-8e5c-ad01818e58e5" xlink:type="arc" />
    <link:loc xlink:href="http://xbrl.fasb.org/us-gaap/2017/elts/us-gaap-2017-01-31.xsd#us-gaap_PaymentsOfDebtIssuanceCosts" xlink:label="loc_us-gaap_PaymentsOfDebtIssuanceCosts_f19a6911-0ca9-0f7f-0ae8-f18c6d766244" xlink:type="locator" />
    <link:calculationArc order="8" weight="-1" xlink:arcrole="http://www.xbrl.org/2003/arcrole/summation-item" xlink:from="loc_us-gaap_NetCashProvidedByUsedInFinancingActivities_deb49b68-c030-7624-a39d-ea301caa5dbf" xlink:to="loc_us-gaap_PaymentsOfDebtIssuanceCosts_f19a6911-0ca9-0f7f-0ae8-f18c6d766244" xlink:type="arc" />
    <link:loc xlink:href="cohr-20170701.xsd#cohr_Cashpaidtosubsidiariesminorityshareholders" xlink:label="loc_cohr_Cashpaidtosubsidiariesminorityshareholders_893ab44c-9abf-65b1-288e-42d8dddee661" xlink:type="locator" />
    <link:calculationArc order="9" weight="-1" xlink:arcrole="http://www.xbrl.org/2003/arcrole/summation-item" xlink:from="loc_us-gaap_NetCashProvidedByUsedInFinancingActivities_deb49b68-c030-7624-a39d-ea301caa5dbf" xlink:to="loc_cohr_Cashpaidtosubsidiariesminorityshareholders_893ab44c-9abf-65b1-288e-42d8dddee661" xlink:type="arc" />
  </link:calculationLink>
  <link:calculationLink xlink:role="http://www.coherent.com/role/CondensedConsolidatedStatementsOfComprehensiveIncomeUnaudited" xlink:type="extended">
    <link:loc xlink:href="http://xbrl.fasb.org/us-gaap/2017/elts/us-gaap-2017-01-31.xsd#us-gaap_ComprehensiveIncomeNetOfTax" xlink:label="loc_us-gaap_ComprehensiveIncomeNetOfTax_499015ce-2160-aed2-85a3-080e8c4c6cdf" xlink:type="locator" />
    <link:loc xlink:href="http://xbrl.fasb.org/us-gaap/2017/elts/us-gaap-2017-01-31.xsd#us-gaap_NetIncomeLoss" xlink:label="loc_us-gaap_NetIncomeLoss_641b1cab-a2b3-2e0e-8389-1455ff3f8581" xlink:type="locator" />
    <link:calculationArc order="1" weight="1" xlink:arcrole="http://www.xbrl.org/2003/arcrole/summation-item" xlink:from="loc_us-gaap_ComprehensiveIncomeNetOfTax_499015ce-2160-aed2-85a3-080e8c4c6cdf" xlink:to="loc_us-gaap_NetIncomeLoss_641b1cab-a2b3-2e0e-8389-1455ff3f8581" xlink:type="arc" />
    <link:loc xlink:href="http://xbrl.fasb.org/us-gaap/2017/elts/us-gaap-2017-01-31.xsd#us-gaap_OtherComprehensiveIncomeLossNetOfTax" xlink:label="loc_us-gaap_OtherComprehensiveIncomeLossNetOfTax_2a6e77d2-a694-61f8-1c68-085fd849c780" xlink:type="locator" />
    <link:calculationArc order="2" weight="1" xlink:arcrole="http://www.xbrl.org/2003/arcrole/summation-item" xlink:from="loc_us-gaap_ComprehensiveIncomeNetOfTax_499015ce-2160-aed2-85a3-080e8c4c6cdf" xlink:to="loc_us-gaap_OtherComprehensiveIncomeLossNetOfTax_2a6e77d2-a694-61f8-1c68-085fd849c780" xlink:type="arc" />
    <link:loc xlink:href="http://xbrl.fasb.org/us-gaap/2017/elts/us-gaap-2017-01-31.xsd#us-gaap_OtherComprehensiveIncomeLossForeignCurrencyTransactionAndTranslationAdjustmentNetOfTax" xlink:label="loc_us-gaap_OtherComprehensiveIncomeLossForeignCurrencyTransactionAndTranslationAdjustmentNetOfTax_351eeed0-a987-88e4-c007-095f3644ffff" xlink:type="locator" />
    <link:calculationArc order="1" weight="1" xlink:arcrole="http://www.xbrl.org/2003/arcrole/summation-item" xlink:from="loc_us-gaap_OtherComprehensiveIncomeLossNetOfTax_2a6e77d2-a694-61f8-1c68-085fd849c780" xlink:to="loc_us-gaap_OtherComprehensiveIncomeLossForeignCurrencyTransactionAndTranslationAdjustmentNetOfTax_351eeed0-a987-88e4-c007-095f3644ffff" xlink:type="arc" />
    <link:loc xlink:href="http://xbrl.fasb.org/us-gaap/2017/elts/us-gaap-2017-01-31.xsd#us-gaap_DerivativeGainLossOnDerivativeNet" xlink:label="loc_us-gaap_DerivativeGainLossOnDerivativeNet_95a52f72-b769-d714-3dd4-90b9ac2a17e8" xlink:type="locator" />
    <link:calculationArc order="2" weight="1" xlink:arcrole="http://www.xbrl.org/2003/arcrole/summation-item" xlink:from="loc_us-gaap_OtherComprehensiveIncomeLossNetOfTax_2a6e77d2-a694-61f8-1c68-085fd849c780" xlink:to="loc_us-gaap_DerivativeGainLossOnDerivativeNet_95a52f72-b769-d714-3dd4-90b9ac2a17e8" xlink:type="arc" />
    <link:loc xlink:href="http://xbrl.fasb.org/us-gaap/2017/elts/us-gaap-2017-01-31.xsd#us-gaap_OtherComprehensiveIncomeUnrealizedHoldingGainLossOnSecuritiesArisingDuringPeriodNetOfTax" xlink:label="loc_us-gaap_OtherComprehensiveIncomeUnrealizedHoldingGainLossOnSecuritiesArisingDuringPeriodNetOfTax_57e8ae74-d8b6-c629-9bee-2d0929cd3999" xlink:type="locator" />
    <link:calculationArc order="3" weight="1" xlink:arcrole="http://www.xbrl.org/2003/arcrole/summation-item" xlink:from="loc_us-gaap_OtherComprehensiveIncomeLossNetOfTax_2a6e77d2-a694-61f8-1c68-085fd849c780" xlink:to="loc_us-gaap_OtherComprehensiveIncomeUnrealizedHoldingGainLossOnSecuritiesArisingDuringPeriodNetOfTax_57e8ae74-d8b6-c629-9bee-2d0929cd3999" xlink:type="arc" />
    <link:loc xlink:href="http://xbrl.fasb.org/us-gaap/2017/elts/us-gaap-2017-01-31.xsd#us-gaap_OtherComprehensiveIncomeLossPensionAndOtherPostretirementBenefitPlansAdjustmentBeforeReclassificationAdjustmentsNetOfTax" xlink:label="loc_us-gaap_OtherComprehensiveIncomeLossPensionAndOtherPostretirementBenefitPlansAdjustmentBeforeReclassificationAdjustmentsNetOfTax_1d6e2363-a14e-03f2-6209-149a4c7858ba" xlink:type="locator" />
    <link:calculationArc order="4" weight="-1" xlink:arcrole="http://www.xbrl.org/2003/arcrole/summation-item" xlink:from="loc_us-gaap_OtherComprehensiveIncomeLossNetOfTax_2a6e77d2-a694-61f8-1c68-085fd849c780" xlink:to="loc_us-gaap_OtherComprehensiveIncomeLossPensionAndOtherPostretirementBenefitPlansAdjustmentBeforeReclassificationAdjustmentsNetOfTax_1d6e2363-a14e-03f2-6209-149a4c7858ba" xlink:type="arc" />
  </link:calculationLink>
  <link:calculationLink xlink:role="http://www.coherent.com/role/CondensedConsolidatedStatementsOfOperationsUnaudited" xlink:type="extended">
    <link:loc xlink:href="http://xbrl.fasb.org/us-gaap/2017/elts/us-gaap-2017-01-31.xsd#us-gaap_IncomeLossFromContinuingOperationsBeforeIncomeTaxesMinorityInterestAndIncomeLossFromEquityMethodInvestments" xlink:label="loc_us-gaap_IncomeLossFromContinuingOperationsBeforeIncomeTaxesMinorityInterestAndIncomeLossFromEquityMethodInvestments_0eb47183-f513-314d-ceda-ee2412d9eee8" xlink:type="locator" />
    <link:loc xlink:href="cohr-20170701.xsd#cohr_Incomefromoperationsbeforeotherincomeincometaxesandlossfromdiscontinuedoperations" xlink:label="loc_cohr_Incomefromoperationsbeforeotherincomeincometaxesandlossfromdiscontinuedoperations_00a38733-02d7-19c2-6b1d-42d8dc4e6e3d" xlink:type="locator" />
    <link:calculationArc order="1" weight="1" xlink:arcrole="http://www.xbrl.org/2003/arcrole/summation-item" xlink:from="loc_us-gaap_IncomeLossFromContinuingOperationsBeforeIncomeTaxesMinorityInterestAndIncomeLossFromEquityMethodInvestments_0eb47183-f513-314d-ceda-ee2412d9eee8" xlink:to="loc_cohr_Incomefromoperationsbeforeotherincomeincometaxesandlossfromdiscontinuedoperations_00a38733-02d7-19c2-6b1d-42d8dc4e6e3d" xlink:type="arc" />
    <link:loc xlink:href="http://xbrl.fasb.org/us-gaap/2017/elts/us-gaap-2017-01-31.xsd#us-gaap_GrossProfit" xlink:label="loc_us-gaap_GrossProfit_aaae347c-fa91-e2c3-dd05-1b008b13fd0c" xlink:type="locator" />
    <link:calculationArc order="1" weight="1" xlink:arcrole="http://www.xbrl.org/2003/arcrole/summation-item" xlink:from="loc_cohr_Incomefromoperationsbeforeotherincomeincometaxesandlossfromdiscontinuedoperations_00a38733-02d7-19c2-6b1d-42d8dc4e6e3d" xlink:to="loc_us-gaap_GrossProfit_aaae347c-fa91-e2c3-dd05-1b008b13fd0c" xlink:type="arc" />
    <link:loc xlink:href="http://xbrl.fasb.org/us-gaap/2017/elts/us-gaap-2017-01-31.xsd#us-gaap_SalesRevenueNet" xlink:label="loc_us-gaap_SalesRevenueNet_ff017a48-8743-bfac-8af0-ca31401cb6de" xlink:type="locator" />
    <link:calculationArc order="1" weight="1" xlink:arcrole="http://www.xbrl.org/2003/arcrole/summation-item" xlink:from="loc_us-gaap_GrossProfit_aaae347c-fa91-e2c3-dd05-1b008b13fd0c" xlink:to="loc_us-gaap_SalesRevenueNet_ff017a48-8743-bfac-8af0-ca31401cb6de" xlink:type="arc" />
    <link:loc xlink:href="http://xbrl.fasb.org/us-gaap/2017/elts/us-gaap-2017-01-31.xsd#us-gaap_CostOfRevenue" xlink:label="loc_us-gaap_CostOfRevenue_a2b142e3-b3f3-b7b6-6428-5812971ab980" xlink:type="locator" />
    <link:calculationArc order="2" weight="-1" xlink:arcrole="http://www.xbrl.org/2003/arcrole/summation-item" xlink:from="loc_us-gaap_GrossProfit_aaae347c-fa91-e2c3-dd05-1b008b13fd0c" xlink:to="loc_us-gaap_CostOfRevenue_a2b142e3-b3f3-b7b6-6428-5812971ab980" xlink:type="arc" />
    <link:loc xlink:href="http://xbrl.fasb.org/us-gaap/2017/elts/us-gaap-2017-01-31.xsd#us-gaap_OperatingExpenses" xlink:label="loc_us-gaap_OperatingExpenses_23a4428c-a5e3-3b9c-fc88-04ae5be27ab3" xlink:type="locator" />
    <link:calculationArc order="2" weight="-1" xlink:arcrole="http://www.xbrl.org/2003/arcrole/summation-item" xlink:from="loc_cohr_Incomefromoperationsbeforeotherincomeincometaxesandlossfromdiscontinuedoperations_00a38733-02d7-19c2-6b1d-42d8dc4e6e3d" xlink:to="loc_us-gaap_OperatingExpenses_23a4428c-a5e3-3b9c-fc88-04ae5be27ab3" xlink:type="arc" />
    <link:loc xlink:href="http://xbrl.fasb.org/us-gaap/2017/elts/us-gaap-2017-01-31.xsd#us-gaap_ResearchAndDevelopmentExpense" xlink:label="loc_us-gaap_ResearchAndDevelopmentExpense_25ae5ce2-b413-b975-9a84-c7503d2496cf" xlink:type="locator" />
    <link:calculationArc order="1" weight="1" xlink:arcrole="http://www.xbrl.org/2003/arcrole/summation-item" xlink:from="loc_us-gaap_OperatingExpenses_23a4428c-a5e3-3b9c-fc88-04ae5be27ab3" xlink:to="loc_us-gaap_ResearchAndDevelopmentExpense_25ae5ce2-b413-b975-9a84-c7503d2496cf" xlink:type="arc" />
    <link:loc xlink:href="http://xbrl.fasb.org/us-gaap/2017/elts/us-gaap-2017-01-31.xsd#us-gaap_SellingGeneralAndAdministrativeExpense" xlink:label="loc_us-gaap_SellingGeneralAndAdministrativeExpense_29ad42f4-24c5-90ea-4492-fdb757d66249" xlink:type="locator" />
    <link:calculationArc order="2" weight="1" xlink:arcrole="http://www.xbrl.org/2003/arcrole/summation-item" xlink:from="loc_us-gaap_OperatingExpenses_23a4428c-a5e3-3b9c-fc88-04ae5be27ab3" xlink:to="loc_us-gaap_SellingGeneralAndAdministrativeExpense_29ad42f4-24c5-90ea-4492-fdb757d66249" xlink:type="arc" />
    <link:loc xlink:href="http://xbrl.fasb.org/us-gaap/2017/elts/us-gaap-2017-01-31.xsd#us-gaap_BusinessCombinationStepAcquisitionEquityInterestInAcquireeRemeasurementGain" xlink:label="loc_us-gaap_BusinessCombinationStepAcquisitionEquityInterestInAcquireeRemeasurementGain_64635d66-4c86-64ff-0230-4731592752b6" xlink:type="locator" />
    <link:calculationArc order="3" weight="-1" xlink:arcrole="http://www.xbrl.org/2003/arcrole/summation-item" xlink:from="loc_us-gaap_OperatingExpenses_23a4428c-a5e3-3b9c-fc88-04ae5be27ab3" xlink:to="loc_us-gaap_BusinessCombinationStepAcquisitionEquityInterestInAcquireeRemeasurementGain_64635d66-4c86-64ff-0230-4731592752b6" xlink:type="arc" />
    <link:loc xlink:href="cohr-20170701.xsd#cohr_Amortizationnetofcostofsales" xlink:label="loc_cohr_Amortizationnetofcostofsales_e4796993-3ef9-d343-2de0-42d8dd3e33ba" xlink:type="locator" />
    <link:calculationArc order="4" weight="1" xlink:arcrole="http://www.xbrl.org/2003/arcrole/summation-item" xlink:from="loc_us-gaap_OperatingExpenses_23a4428c-a5e3-3b9c-fc88-04ae5be27ab3" xlink:to="loc_cohr_Amortizationnetofcostofsales_e4796993-3ef9-d343-2de0-42d8dd3e33ba" xlink:type="arc" />
    <link:loc xlink:href="http://xbrl.fasb.org/us-gaap/2017/elts/us-gaap-2017-01-31.xsd#us-gaap_NonoperatingIncomeExpense" xlink:label="loc_us-gaap_NonoperatingIncomeExpense_9b894abb-bf85-2810-9d9d-c92a9b0f56f1" xlink:type="locator" />
    <link:calculationArc order="2" weight="1" xlink:arcrole="http://www.xbrl.org/2003/arcrole/summation-item" xlink:from="loc_us-gaap_IncomeLossFromContinuingOperationsBeforeIncomeTaxesMinorityInterestAndIncomeLossFromEquityMethodInvestments_0eb47183-f513-314d-ceda-ee2412d9eee8" xlink:to="loc_us-gaap_NonoperatingIncomeExpense_9b894abb-bf85-2810-9d9d-c92a9b0f56f1" xlink:type="arc" />
    <link:loc xlink:href="http://xbrl.fasb.org/us-gaap/2017/elts/us-gaap-2017-01-31.xsd#us-gaap_InvestmentIncomeNonoperating" xlink:label="loc_us-gaap_InvestmentIncomeNonoperating_6d011e0e-8a4d-ead4-8ae2-208e1f9abb48" xlink:type="locator" />
    <link:calculationArc order="1" weight="1" xlink:arcrole="http://www.xbrl.org/2003/arcrole/summation-item" xlink:from="loc_us-gaap_NonoperatingIncomeExpense_9b894abb-bf85-2810-9d9d-c92a9b0f56f1" xlink:to="loc_us-gaap_InvestmentIncomeNonoperating_6d011e0e-8a4d-ead4-8ae2-208e1f9abb48" xlink:type="arc" />
    <link:loc xlink:href="http://xbrl.fasb.org/us-gaap/2017/elts/us-gaap-2017-01-31.xsd#us-gaap_InterestExpense" xlink:label="loc_us-gaap_InterestExpense_7c9599ab-2a77-022c-c720-63fecff6a62c" xlink:type="locator" />
    <link:calculationArc order="2" weight="-1" xlink:arcrole="http://www.xbrl.org/2003/arcrole/summation-item" xlink:from="loc_us-gaap_NonoperatingIncomeExpense_9b894abb-bf85-2810-9d9d-c92a9b0f56f1" xlink:to="loc_us-gaap_InterestExpense_7c9599ab-2a77-022c-c720-63fecff6a62c" xlink:type="arc" />
    <link:loc xlink:href="http://xbrl.fasb.org/us-gaap/2017/elts/us-gaap-2017-01-31.xsd#us-gaap_OtherNonoperatingIncomeExpense" xlink:label="loc_us-gaap_OtherNonoperatingIncomeExpense_250c3b2f-7db5-7088-68cc-1dd831a2c2d7" xlink:type="locator" />
    <link:calculationArc order="3" weight="1" xlink:arcrole="http://www.xbrl.org/2003/arcrole/summation-item" xlink:from="loc_us-gaap_NonoperatingIncomeExpense_9b894abb-bf85-2810-9d9d-c92a9b0f56f1" xlink:to="loc_us-gaap_OtherNonoperatingIncomeExpense_250c3b2f-7db5-7088-68cc-1dd831a2c2d7" xlink:type="arc" />
    <link:loc xlink:href="http://xbrl.fasb.org/us-gaap/2017/elts/us-gaap-2017-01-31.xsd#us-gaap_NetIncomeLoss" xlink:label="loc_us-gaap_NetIncomeLoss_641b1cab-a2b3-2e0e-8389-1455ff3f8581" xlink:type="locator" />
    <link:loc xlink:href="http://xbrl.fasb.org/us-gaap/2017/elts/us-gaap-2017-01-31.xsd#us-gaap_IncomeLossFromDiscontinuedOperationsNetOfTaxAttributableToReportingEntity" xlink:label="loc_us-gaap_IncomeLossFromDiscontinuedOperationsNetOfTaxAttributableToReportingEntity_b9914cca-4860-d701-8b49-ae2910ad372f" xlink:type="locator" />
    <link:calculationArc order="1" weight="1" xlink:arcrole="http://www.xbrl.org/2003/arcrole/summation-item" xlink:from="loc_us-gaap_NetIncomeLoss_641b1cab-a2b3-2e0e-8389-1455ff3f8581" xlink:to="loc_us-gaap_IncomeLossFromDiscontinuedOperationsNetOfTaxAttributableToReportingEntity_b9914cca-4860-d701-8b49-ae2910ad372f" xlink:type="arc" />
    <link:loc xlink:href="http://xbrl.fasb.org/us-gaap/2017/elts/us-gaap-2017-01-31.xsd#us-gaap_IncomeLossFromContinuingOperationsIncludingPortionAttributableToNoncontrollingInterest" xlink:label="loc_us-gaap_IncomeLossFromContinuingOperationsIncludingPortionAttributableToNoncontrollingInterest_33076493-4882-6413-5de3-7bb85b9df3b7" xlink:type="locator" />
    <link:calculationArc order="2" weight="1" xlink:arcrole="http://www.xbrl.org/2003/arcrole/summation-item" xlink:from="loc_us-gaap_NetIncomeLoss_641b1cab-a2b3-2e0e-8389-1455ff3f8581" xlink:to="loc_us-gaap_IncomeLossFromContinuingOperationsIncludingPortionAttributableToNoncontrollingInterest_33076493-4882-6413-5de3-7bb85b9df3b7" xlink:type="arc" />
  </link:calculationLink>
  <link:calculationLink xlink:role="http://www.coherent.com/role/DefinedBenefitPlans" xlink:type="extended" />
  <link:calculationLink xlink:role="http://www.coherent.com/role/DefinedBenefitPlansDetails" xlink:type="extended">
    <link:loc xlink:href="http://xbrl.fasb.org/us-gaap/2017/elts/us-gaap-2017-01-31.xsd#us-gaap_DefinedBenefitPlanNetPeriodicBenefitCost" xlink:label="loc_us-gaap_DefinedBenefitPlanNetPeriodicBenefitCost_bae25320-9d69-b27b-4684-0b60368d617f" xlink:type="locator" />
    <link:loc xlink:href="http://xbrl.fasb.org/us-gaap/2017/elts/us-gaap-2017-01-31.xsd#us-gaap_DefinedBenefitPlanServiceCost" xlink:label="loc_us-gaap_DefinedBenefitPlanServiceCost_89ad3af5-a7a9-a0b6-3ed0-1824210c7a90" xlink:type="locator" />
    <link:calculationArc order="1" weight="1" xlink:arcrole="http://www.xbrl.org/2003/arcrole/summation-item" xlink:from="loc_us-gaap_DefinedBenefitPlanNetPeriodicBenefitCost_bae25320-9d69-b27b-4684-0b60368d617f" xlink:to="loc_us-gaap_DefinedBenefitPlanServiceCost_89ad3af5-a7a9-a0b6-3ed0-1824210c7a90" xlink:type="arc" />
    <link:loc xlink:href="http://xbrl.fasb.org/us-gaap/2017/elts/us-gaap-2017-01-31.xsd#us-gaap_DefinedBenefitPlanInterestCost" xlink:label="loc_us-gaap_DefinedBenefitPlanInterestCost_50406d00-3746-2e05-3a50-4b2bf529ff14" xlink:type="locator" />
    <link:calculationArc order="2" weight="1" xlink:arcrole="http://www.xbrl.org/2003/arcrole/summation-item" xlink:from="loc_us-gaap_DefinedBenefitPlanNetPeriodicBenefitCost_bae25320-9d69-b27b-4684-0b60368d617f" xlink:to="loc_us-gaap_DefinedBenefitPlanInterestCost_50406d00-3746-2e05-3a50-4b2bf529ff14" xlink:type="arc" />
    <link:loc xlink:href="http://xbrl.fasb.org/us-gaap/2017/elts/us-gaap-2017-01-31.xsd#us-gaap_DefinedBenefitPlanExpectedReturnOnPlanAssets" xlink:label="loc_us-gaap_DefinedBenefitPlanExpectedReturnOnPlanAssets_053c4475-6836-cf00-1abe-b15f58110eab" xlink:type="locator" />
    <link:calculationArc order="3" weight="-1" xlink:arcrole="http://www.xbrl.org/2003/arcrole/summation-item" xlink:from="loc_us-gaap_DefinedBenefitPlanNetPeriodicBenefitCost_bae25320-9d69-b27b-4684-0b60368d617f" xlink:to="loc_us-gaap_DefinedBenefitPlanExpectedReturnOnPlanAssets_053c4475-6836-cf00-1abe-b15f58110eab" xlink:type="arc" />
    <link:loc xlink:href="http://xbrl.fasb.org/us-gaap/2017/elts/us-gaap-2017-01-31.xsd#us-gaap_DefinedBenefitPlanAmortizationOfPriorServiceCostCredit" xlink:label="loc_us-gaap_DefinedBenefitPlanAmortizationOfPriorServiceCostCredit_ab621a8a-0d01-618c-dbe1-c25fa3bace61" xlink:type="locator" />
    <link:calculationArc order="4" weight="1" xlink:arcrole="http://www.xbrl.org/2003/arcrole/summation-item" xlink:from="loc_us-gaap_DefinedBenefitPlanNetPeriodicBenefitCost_bae25320-9d69-b27b-4684-0b60368d617f" xlink:to="loc_us-gaap_DefinedBenefitPlanAmortizationOfPriorServiceCostCredit_ab621a8a-0d01-618c-dbe1-c25fa3bace61" xlink:type="arc" />
    <link:loc xlink:href="http://xbrl.fasb.org/us-gaap/2017/elts/us-gaap-2017-01-31.xsd#us-gaap_DefinedBenefitPlanAmortizationOfGainsLosses" xlink:label="loc_us-gaap_DefinedBenefitPlanAmortizationOfGainsLosses_b2e93b1c-a313-bd95-39dd-1f9d9938b2e9" xlink:type="locator" />
    <link:calculationArc order="5" weight="-1" xlink:arcrole="http://www.xbrl.org/2003/arcrole/summation-item" xlink:from="loc_us-gaap_DefinedBenefitPlanNetPeriodicBenefitCost_bae25320-9d69-b27b-4684-0b60368d617f" xlink:to="loc_us-gaap_DefinedBenefitPlanAmortizationOfGainsLosses_b2e93b1c-a313-bd95-39dd-1f9d9938b2e9" xlink:type="arc" />
    <link:loc xlink:href="http://xbrl.fasb.org/us-gaap/2017/elts/us-gaap-2017-01-31.xsd#us-gaap_DefinedBenefitPlanActuarialGainLoss" xlink:label="loc_us-gaap_DefinedBenefitPlanActuarialGainLoss_b7eaf0d3-5949-fa53-cabb-18c9c19ba9ab" xlink:type="locator" />
    <link:calculationArc order="6" weight="-1" xlink:arcrole="http://www.xbrl.org/2003/arcrole/summation-item" xlink:from="loc_us-gaap_DefinedBenefitPlanNetPeriodicBenefitCost_bae25320-9d69-b27b-4684-0b60368d617f" xlink:to="loc_us-gaap_DefinedBenefitPlanActuarialGainLoss_b7eaf0d3-5949-fa53-cabb-18c9c19ba9ab" xlink:type="arc" />
  </link:calculationLink>
  <link:calculationLink xlink:role="http://www.coherent.com/role/DefinedBenefitPlansTables" xlink:type="extended" />
  <link:calculationLink xlink:role="http://www.coherent.com/role/DerivativeInstrumentsAndHedgingActivities" xlink:type="extended" />
  <link:calculationLink xlink:role="http://www.coherent.com/role/DerivativeInstrumentsAndHedgingActivitiesDerivativeInstrumentsGainLossDetails" xlink:type="extended" />
  <link:calculationLink xlink:role="http://www.coherent.com/role/DerivativeInstrumentsAndHedgingActivitiesNotionalAndFairValueDetails" xlink:type="extended" />
  <link:calculationLink xlink:role="http://www.coherent.com/role/DerivativeInstrumentsAndHedgingActivitiesTables" xlink:type="extended" />
  <link:calculationLink xlink:role="http://www.coherent.com/role/DiscontinuedOperations" xlink:type="extended" />
  <link:calculationLink xlink:role="http://www.coherent.com/role/DiscontinuedOperationsDiscontinuedOperationIncomeLossNetDetails" xlink:type="extended" />
  <link:calculationLink xlink:role="http://www.coherent.com/role/DiscontinuedOperationsHeldForSaleCurrentAssetsAndLiabilitiesFromDiscontinuedOperationsDetails" xlink:type="extended" />
  <link:calculationLink xlink:role="http://www.coherent.com/role/DiscontinuedOperationsResultsOfOperationsFromDiscontinuedOperationsTables" xlink:type="extended" />
  <link:calculationLink xlink:role="http://www.coherent.com/role/DocumentAndEntityInformation" xlink:type="extended" />
  <link:calculationLink xlink:role="http://www.coherent.com/role/EarningsPerShare" xlink:type="extended" />
  <link:calculationLink xlink:role="http://www.coherent.com/role/EarningsPerShareDetails" xlink:type="extended">
    <link:loc xlink:href="http://xbrl.fasb.org/us-gaap/2017/elts/us-gaap-2017-01-31.xsd#us-gaap_WeightedAverageNumberOfDilutedSharesOutstanding" xlink:label="loc_us-gaap_WeightedAverageNumberOfDilutedSharesOutstanding_223fd9c8-68e8-e433-7c40-f98b238e79de" xlink:type="locator" />
    <link:loc xlink:href="http://xbrl.fasb.org/us-gaap/2017/elts/us-gaap-2017-01-31.xsd#us-gaap_WeightedAverageNumberOfSharesOutstandingBasic" xlink:label="loc_us-gaap_WeightedAverageNumberOfSharesOutstandingBasic_86e61cf2-b7b2-e230-65f1-5a2b152f3a30" xlink:type="locator" />
    <link:calculationArc order="1" weight="1" xlink:arcrole="http://www.xbrl.org/2003/arcrole/summation-item" xlink:from="loc_us-gaap_WeightedAverageNumberOfDilutedSharesOutstanding_223fd9c8-68e8-e433-7c40-f98b238e79de" xlink:to="loc_us-gaap_WeightedAverageNumberOfSharesOutstandingBasic_86e61cf2-b7b2-e230-65f1-5a2b152f3a30" xlink:type="arc" />
    <link:loc xlink:href="http://xbrl.fasb.org/us-gaap/2017/elts/us-gaap-2017-01-31.xsd#us-gaap_IncrementalCommonSharesAttributableToShareBasedPaymentArrangements" xlink:label="loc_us-gaap_IncrementalCommonSharesAttributableToShareBasedPaymentArrangements_cee10fe8-a4bb-491c-22f6-69a723d6a718" xlink:type="locator" />
    <link:calculationArc order="2" weight="1" xlink:arcrole="http://www.xbrl.org/2003/arcrole/summation-item" xlink:from="loc_us-gaap_WeightedAverageNumberOfDilutedSharesOutstanding_223fd9c8-68e8-e433-7c40-f98b238e79de" xlink:to="loc_us-gaap_IncrementalCommonSharesAttributableToShareBasedPaymentArrangements_cee10fe8-a4bb-491c-22f6-69a723d6a718" xlink:type="arc" />
  </link:calculationLink>
  <link:calculationLink xlink:role="http://www.coherent.com/role/EarningsPerShareTables" xlink:type="extended" />
  <link:calculationLink xlink:role="http://www.coherent.com/role/FairValues" xlink:type="extended" />
  <link:calculationLink xlink:role="http://www.coherent.com/role/FairValuesDetails" xlink:type="extended" />
  <link:calculationLink xlink:role="http://www.coherent.com/role/FairValuesTables" xlink:type="extended" />
  <link:calculationLink xlink:role="http://www.coherent.com/role/GoodwillAndIntangibleAssets" xlink:type="extended" />
  <link:calculationLink xlink:role="http://www.coherent.com/role/GoodwillAndIntangibleAssetsGoodwillDetails" xlink:type="extended" />
  <link:calculationLink xlink:role="http://www.coherent.com/role/GoodwillAndIntangibleAssetsIntangibleAssetsDetails" xlink:type="extended">
    <link:loc xlink:href="cohr-20170701.xsd#cohr_FinitelivedIntangibleAssetexcludingIPRDnet" xlink:label="loc_cohr_FinitelivedIntangibleAssetexcludingIPRDnet_8194AF249DE0D324167EA3F2D90E2BE1" xlink:type="locator" />
    <link:loc xlink:href="http://xbrl.fasb.org/us-gaap/2017/elts/us-gaap-2017-01-31.xsd#us-gaap_FiniteLivedIntangibleAssetsNet" xlink:label="loc_us-gaap_FiniteLivedIntangibleAssetsNet_49187b45-82fd-7060-b114-79ff249a4331" xlink:type="locator" />
  </link:calculationLink>
  <link:calculationLink xlink:role="http://www.coherent.com/role/GoodwillAndIntangibleAssetsTables" xlink:type="extended" />
  <link:calculationLink xlink:role="http://www.coherent.com/role/IncomeTaxes" xlink:type="extended" />
  <link:calculationLink xlink:role="http://www.coherent.com/role/IncomeTaxesDetails" xlink:type="extended" />
  <link:calculationLink xlink:role="http://www.coherent.com/role/IncomeTaxesScheduleOfGrossUnrecognizedTaxBenefitsActivitiesDetails" xlink:type="extended" />
  <link:calculationLink xlink:role="http://www.coherent.com/role/IncomeTaxesScheduleOfGrossUnrecognizedTaxBenefitsActivitiesTables" xlink:type="extended" />
  <link:calculationLink xlink:role="http://www.coherent.com/role/OtherIncomeExpense" xlink:type="extended" />
  <link:calculationLink xlink:role="http://www.coherent.com/role/OtherIncomeExpenseDetails" xlink:type="extended" />
  <link:calculationLink xlink:role="http://www.coherent.com/role/OtherIncomeExpenseTables" xlink:type="extended" />
  <link:calculationLink xlink:role="http://www.coherent.com/role/RecentAccountingStandards" xlink:type="extended" />
  <link:calculationLink xlink:role="http://www.coherent.com/role/RecentAccountingStandardsAccountingImpactDetails" xlink:type="extended" />
  <link:calculationLink xlink:role="http://www.coherent.com/role/RecentAccountingStandardsPolicies" xlink:type="extended" />
  <link:calculationLink xlink:role="http://www.coherent.com/role/RestructuringCharges" xlink:type="extended" />
  <link:calculationLink xlink:role="http://www.coherent.com/role/RestructuringChargesDetails" xlink:type="extended" />
  <link:calculationLink xlink:role="http://www.coherent.com/role/RestructuringChargesTables" xlink:type="extended" />
  <link:calculationLink xlink:role="http://www.coherent.com/role/SegmentInformation" xlink:type="extended" />
  <link:calculationLink xlink:role="http://www.coherent.com/role/SegmentInformationMajorCustomersDetails" xlink:type="extended" />
  <link:calculationLink xlink:role="http://www.coherent.com/role/SegmentInformationSalesAndIncomeLossFromOperationsDetails" xlink:type="extended" />
  <link:calculationLink xlink:role="http://www.coherent.com/role/SegmentInformationTables" xlink:type="extended" />
  <link:calculationLink xlink:role="http://www.coherent.com/role/ShortTermInvestments" xlink:type="extended" />
  <link:calculationLink xlink:role="http://www.coherent.com/role/ShortTermInvestmentsDetails" xlink:type="extended">
    <link:loc xlink:href="http://xbrl.fasb.org/us-gaap/2017/elts/us-gaap-2017-01-31.xsd#us-gaap_AvailableForSaleDebtSecuritiesAmortizedCostBasis" xlink:label="loc_us-gaap_AvailableForSaleDebtSecuritiesAmortizedCostBasis_fc961581-2899-aa00-cc82-b67bd4267bb3" xlink:type="locator" />
    <link:loc xlink:href="http://xbrl.fasb.org/us-gaap/2017/elts/us-gaap-2017-01-31.xsd#us-gaap_AvailableForSaleDebtSecuritiesAccumulatedGrossUnrealizedGainBeforeTax" xlink:label="loc_us-gaap_AvailableForSaleDebtSecuritiesAccumulatedGrossUnrealizedGainBeforeTax_bb34ca49-0ca6-d513-414f-31e205fa11cc" xlink:type="locator" />
    <link:calculationArc order="1" weight="-1" xlink:arcrole="http://www.xbrl.org/2003/arcrole/summation-item" xlink:from="loc_us-gaap_AvailableForSaleDebtSecuritiesAmortizedCostBasis_fc961581-2899-aa00-cc82-b67bd4267bb3" xlink:to="loc_us-gaap_AvailableForSaleDebtSecuritiesAccumulatedGrossUnrealizedGainBeforeTax_bb34ca49-0ca6-d513-414f-31e205fa11cc" xlink:type="arc" />
    <link:loc xlink:href="http://xbrl.fasb.org/us-gaap/2017/elts/us-gaap-2017-01-31.xsd#us-gaap_AvailableForSaleDebtSecuritiesAccumulatedGrossUnrealizedLossBeforeTax" xlink:label="loc_us-gaap_AvailableForSaleDebtSecuritiesAccumulatedGrossUnrealizedLossBeforeTax_fa6902f3-9ec3-0632-57ef-52a27e57695e" xlink:type="locator" />
    <link:calculationArc order="2" weight="1" xlink:arcrole="http://www.xbrl.org/2003/arcrole/summation-item" xlink:from="loc_us-gaap_AvailableForSaleDebtSecuritiesAmortizedCostBasis_fc961581-2899-aa00-cc82-b67bd4267bb3" xlink:to="loc_us-gaap_AvailableForSaleDebtSecuritiesAccumulatedGrossUnrealizedLossBeforeTax_fa6902f3-9ec3-0632-57ef-52a27e57695e" xlink:type="arc" />
    <link:loc xlink:href="http://xbrl.fasb.org/us-gaap/2017/elts/us-gaap-2017-01-31.xsd#us-gaap_AvailableForSaleSecuritiesDebtSecuritiesCurrent" xlink:label="loc_us-gaap_AvailableForSaleSecuritiesDebtSecuritiesCurrent_3dfc2054-7ef3-a116-42e5-83130d5f5732" xlink:type="locator" />
    <link:calculationArc order="3" weight="1" xlink:arcrole="http://www.xbrl.org/2003/arcrole/summation-item" xlink:from="loc_us-gaap_AvailableForSaleDebtSecuritiesAmortizedCostBasis_fc961581-2899-aa00-cc82-b67bd4267bb3" xlink:to="loc_us-gaap_AvailableForSaleSecuritiesDebtSecuritiesCurrent_3dfc2054-7ef3-a116-42e5-83130d5f5732" xlink:type="arc" />
  </link:calculationLink>
  <link:calculationLink xlink:role="http://www.coherent.com/role/ShortTermInvestmentsTables" xlink:type="extended" />
  <link:calculationLink xlink:role="http://www.coherent.com/role/StockBasedCompensation" xlink:type="extended" />
  <link:calculationLink xlink:role="http://www.coherent.com/role/StockBasedCompensationAcquisitionDetails" xlink:type="extended" />
  <link:calculationLink xlink:role="http://www.coherent.com/role/StockBasedCompensationFairValueOfStockCompensationDetails" xlink:type="extended" />
  <link:calculationLink xlink:role="http://www.coherent.com/role/StockBasedCompensationStockCompensationExpenseDetails" xlink:type="extended" />
  <link:calculationLink xlink:role="http://www.coherent.com/role/StockBasedCompensationStockOptionsAndAwardsActivityDetails" xlink:type="extended" />
  <link:calculationLink xlink:role="http://www.coherent.com/role/StockBasedCompensationTables" xlink:type="extended" />
  <link:calculationLink xlink:role="http://www.coherent.com/role/SubsequentEventDetails" xlink:type="extended" />
  <link:calculationLink xlink:role="http://www.coherent.com/role/SubsequentEventNotes" xlink:type="extended" />
</link:linkbase>
